date,open,high,low,close,volume,change,updown,comp,amount,marcap,shares
2022-01-27,597000,598000,450000,505000,15946992,-0.15410000000000001,2,-92000,8155323955500,118170000000000,234000000
2022-01-28,476000,483000,445000,450000,4559773,-0.10890000000000001,2,-55000,2104994467000,105300000000000,234000000
2022-02-03,458000,495500,441000,477000,2918435,0.06,1,27000,1375706997000,111618000000000,234000000
2022-02-04,476500,505000,476000,504000,2088996,0.056600000000000004,1,27000,1038186622000,117936000000000,234000000
2022-02-07,520000,548000,511000,548000,1911176,0.0873,1,44000,1020155389000,128232000000000,234000000
2022-02-08,554000,577000,524000,542000,2583335,-0.0109,2,-6000,1435829601000,126828000000000,234000000
2022-02-09,550000,557000,505000,511000,2070704,-0.0572,2,-31000,1088038113000,119574000000000,234000000
2022-02-10,507000,507000,471500,474500,2306815,-0.07139999999999999,2,-36500,1116185235500,111033000000000,234000000
2022-02-11,463500,484000,457000,482000,1411055,0.0158,1,7500,672692384000,112788000000000,234000000
2022-02-14,473000,482000,459500,463000,3285402,-0.0394,2,-19000,1530528935000,108342000000000,234000000
2022-02-15,460000,468000,450000,451500,825406,-0.0248,2,-11500,375853791000,105651000000000,234000000
2022-02-16,464000,465000,449500,455500,961669,0.0089,1,4000,437351352000,106587000000000,234000000
2022-02-17,454500,460000,447000,454500,711183,-0.0022,2,-1000,322829295500,106353000000000,234000000
2022-02-18,448500,454500,448000,454500,418728,0.0,3,0,188982367500,106353000000000,234000000
2022-02-21,450000,453000,447500,453000,327509,-0.0033,2,-1500,147564231000,106002000000000,234000000
2022-02-22,444500,448000,440000,440000,557179,-0.0287,2,-13000,246662504000,102960000000000,234000000
2022-02-23,443500,446000,438000,442000,381560,0.0045000000000000005,1,2000,168668926000,103428000000000,234000000
2022-02-24,435000,438000,416000,416500,883314,-0.057699999999999994,2,-25500,374397576000,97461000000000,234000000
2022-02-25,425000,430000,418500,420000,465140,0.0084,1,3500,197220478000,98280000000000,234000000
2022-02-28,404500,422000,404000,412000,970088,-0.019,2,-8000,397894926500,96408000000000,234000000
2022-03-02,411000,434500,408500,434000,895460,0.053399999999999996,1,22000,379242911000,101556000000000,234000000
2022-03-03,439500,441000,430000,437000,460544,0.0069,1,3000,200714207000,102258000000000,234000000
2022-03-04,433500,436500,427000,428500,310930,-0.0195,2,-8500,133675199000,100269000000000,234000000
2022-03-07,420500,421000,412000,414000,370588,-0.0338,2,-14500,154053589000,96876000000000,234000000
2022-03-08,406000,417000,402500,410500,393413,-0.0085,2,-3500,161982437000,96057000000000,234000000
2022-03-10,421000,430500,417500,417500,1076446,0.0171,1,7000,454801061000,97695000000000,234000000
2022-03-11,411500,412000,390500,391000,1811373,-0.0635,2,-26500,715532886694,91494000000000,234000000
2022-03-14,385000,385500,361500,363500,1999479,-0.0703,2,-27500,731908020500,85059000000000,234000000
2022-03-15,363000,370000,355000,359500,1064506,-0.011000000000000001,2,-4000,385445614500,84123000000000,234000000
2022-03-16,367000,367500,360000,363500,625328,0.0111,1,4000,227521975500,85059000000000,234000000
2022-03-17,374000,381500,373000,376000,816118,0.0344,1,12500,307688803000,87984000000000,234000000
2022-03-18,377500,384000,370500,382000,643915,0.016,1,6000,242690475000,89388000000000,234000000
2022-03-21,385000,397500,384000,386000,655247,0.0105,1,4000,256448327000,90324000000000,234000000
2022-03-22,388500,399000,388000,397500,413972,0.0298,1,11500,163222153000,93015000000000,234000000
2022-03-23,403000,407500,398000,407000,523438,0.0239,1,9500,211178472000,95238000000000,234000000
2022-03-24,405000,410000,398000,408000,320746,0.0025,1,1000,129636238000,95472000000000,234000000
2022-03-25,418500,444000,417500,439000,1528600,0.076,1,31000,663877825000,102726000000000,234000000
2022-03-28,439000,443000,430000,436500,481311,-0.005699999999999999,2,-2500,210766810000,102141000000000,234000000
2022-03-29,443000,448500,440500,441000,375894,0.0103,1,4500,166590100000,103194000000000,234000000
2022-03-30,444500,445000,427000,440500,440195,-0.0011,2,-500,192042959500,103077000000000,234000000
2022-03-31,437000,444000,435000,442000,272318,0.0034000000000000002,1,1500,120293268000,103428000000000,234000000
2022-04-01,438500,439500,425000,428000,456080,-0.0317,2,-14000,197234422000,100152000000000,234000000
2022-04-04,422000,440500,417500,438500,362727,0.0245,1,10500,156602111500,102609000000000,234000000
2022-04-05,442500,450000,437000,449000,491410,0.0239,1,10500,218752161000,105066000000000,234000000
2022-04-06,436000,448500,436000,444500,415524,-0.01,2,-4500,183675493500,104013000000000,234000000
2022-04-07,438000,442000,431000,436500,316409,-0.018000000000000002,2,-8000,138064435000,102141000000000,234000000
2022-04-08,449000,449000,437500,439500,395489,0.0069,1,3000,175252113500,102843000000000,234000000
2022-04-11,435000,435500,423500,425000,289205,-0.033,2,-14500,123918833000,99450000000000,234000000
2022-04-12,417000,421500,410000,411000,382240,-0.0329,2,-14000,157982450500,96174000000000,234000000
2022-04-13,414000,431500,404000,431000,386194,0.0487,1,20000,162693896000,100854000000000,234000000
2022-04-14,434000,441000,427500,441000,321259,0.0232,1,10000,139795772500,103194000000000,234000000
2022-04-15,435500,445000,431500,435000,307347,-0.013600000000000001,2,-6000,135286720000,101790000000000,234000000
2022-04-18,434000,439500,432500,433000,115652,-0.0046,2,-2000,50255678500,101322000000000,234000000
2022-04-19,438000,441500,434000,435500,124432,0.0058,1,2500,54329464000,101907000000000,234000000
2022-04-20,437500,438000,432000,436500,202657,0.0023,1,1000,88180385500,102141000000000,234000000
2022-04-21,437500,440000,434500,437000,234128,0.0011,1,500,102241598500,102258000000000,234000000
2022-04-22,434000,437500,428500,436500,266806,-0.0011,2,-500,115174095180,102141000000000,234000000
2022-04-25,430000,436000,428500,433000,254452,-0.008,2,-3500,110021355000,101322000000000,234000000
2022-04-26,432000,432000,414500,423500,520529,-0.0219,2,-9500,219350759000,99099000000000,234000000
2022-04-27,399500,427000,397000,418000,1478354,-0.013000000000000001,2,-5500,607545078000,97812000000000,234000000
2022-04-28,420500,421000,412500,417500,358325,-0.0012,2,-500,149150305000,97695000000000,234000000
2022-04-29,418000,426000,414000,417000,332582,-0.0012,2,-500,139720968000,97578000000000,234000000
2022-05-02,412500,414500,407000,408500,365546,-0.0204,2,-8500,149419900500,95589000000000,234000000
2022-05-03,409500,415000,406500,407500,254850,-0.0024,2,-1000,104589245000,95355000000000,234000000
2022-05-04,409500,410500,399500,401500,364195,-0.0147,2,-6000,146865830000,93951000000000,234000000
2022-05-06,395000,401500,390000,401500,350875,0.0,3,0,139360538000,93951000000000,234000000
2022-05-09,397000,400000,390000,394000,289113,-0.0187,2,-7500,114076485500,92196000000000,234000000
2022-05-10,387500,398500,382000,393500,407928,-0.0013,2,-500,159437583000,92079000000000,234000000
2022-05-11,394000,398000,391500,391500,239355,-0.0051,2,-2000,94448041000,91611000000000,234000000
2022-05-12,390000,395500,386000,388000,251570,-0.0089,2,-3500,98271466500,90792000000000,234000000
2022-05-13,390500,401500,390500,400500,228636,0.0322,1,12500,90861595500,93717000000000,234000000
2022-05-16,407000,407500,397000,400500,200731,0.0,3,0,80541813500,93717000000000,234000000
2022-05-17,400500,411000,399000,408500,230327,0.02,1,8000,93232183500,95589000000000,234000000
2022-05-18,410000,413000,407500,410000,233063,0.0037,1,1500,95504388000,95940000000000,234000000
2022-05-19,398500,417000,398500,415500,320709,0.0134,1,5500,131749875500,97227000000000,234000000
2022-05-20,421000,439000,418000,434000,881979,0.044500000000000005,1,18500,380616741500,101556000000000,234000000
2022-05-23,438500,444000,432500,438000,361437,0.0092,1,4000,158222948000,102492000000000,234000000
2022-05-24,438500,444000,436500,438500,350284,0.0011,1,500,154111345500,102609000000000,234000000
2022-05-25,439000,439000,422000,426500,365195,-0.0274,2,-12000,156116741000,99801000000000,234000000
2022-05-26,426500,432500,424500,430500,162583,0.009399999999999999,1,4000,69909988500,100737000000000,234000000
2022-05-27,434500,437000,427500,430500,214801,0.0,3,0,92417956500,100737000000000,234000000
2022-05-30,434500,440000,432000,439500,229834,0.0209,1,9000,100590444000,102843000000000,234000000
2022-05-31,441500,444000,436000,444000,345830,0.0102,1,4500,152722959500,103896000000000,234000000
2022-06-02,440500,442000,438000,440500,153596,-0.0079,2,-3500,67591562000,103077000000000,234000000
2022-06-03,443500,444000,437500,437500,154981,-0.0068000000000000005,2,-3000,68167034250,102375000000000,234000000
2022-06-07,436500,439500,432000,432000,180249,-0.0126,2,-5500,78448597000,101088000000000,234000000
2022-06-08,432500,434500,422500,425500,215828,-0.015,2,-6500,92160988000,99567000000000,234000000
2022-06-09,426000,426000,419000,422500,208712,-0.0070999999999999995,2,-3000,88237112000,98865000000000,234000000
2022-06-10,418000,426000,412500,425000,285077,0.0059,1,2500,119263359000,99450000000000,234000000
2022-06-13,414000,420500,413500,415000,267003,-0.0235,2,-10000,111070114500,97110000000000,234000000
2022-06-14,411000,432500,410500,426500,417106,0.0277,1,11500,177026330500,99801000000000,234000000
2022-06-15,426000,427500,417000,420000,275832,-0.0152,2,-6500,116242221000,98280000000000,234000000
2022-06-16,424500,439500,424500,427000,365836,0.0167,1,7000,158223107500,99918000000000,234000000
2022-06-17,419500,430000,417000,425500,1211937,-0.0034999999999999996,2,-1500,514412425000,99567000000000,234000000
2022-06-20,426500,427000,408500,411500,285056,-0.0329,2,-14000,117916835500,96291000000000,234000000
2022-06-21,414500,416500,406000,413000,204026,0.0036,1,1500,83799535500,96642000000000,234000000
2022-06-22,415000,416500,401000,401000,210875,-0.0291,2,-12000,85564180500,93834000000000,234000000
2022-06-23,401000,404500,391000,400000,298719,-0.0025,2,-1000,118620210000,93600000000000,234000000
2022-06-24,399000,405000,398000,405000,235758,0.0125,1,5000,94641770000,94770000000000,234000000
2022-06-27,408500,414500,403500,412000,206869,0.0173,1,7000,84981604000,96408000000000,234000000
2022-06-28,412000,415000,406500,410500,129697,-0.0036,2,-1500,53121997500,96057000000000,234000000
2022-06-29,402000,403500,391500,391500,327192,-0.0463,2,-19000,129264759500,91611000000000,234000000
2022-06-30,388500,389000,370500,371000,459845,-0.0524,2,-20500,172557186500,86814000000000,234000000
2022-07-01,371000,371500,356000,356500,434833,-0.0391,2,-14500,156338269000,83421000000000,234000000
2022-07-04,356500,361000,352000,356000,161015,-0.0014000000000000002,2,-500,57494233000,83304000000000,234000000
2022-07-05,356500,362500,356000,361500,219192,0.0154,1,5500,78856116000,84591000000000,234000000
2022-07-06,367500,374500,364000,370500,393886,0.024900000000000002,1,9000,145242420500,86697000000000,234000000
2022-07-07,374500,375000,367500,373500,223247,0.008100000000000001,1,3000,83026169000,87399000000000,234000000
2022-07-08,375000,392500,375000,388000,397140,0.0388,1,14500,152494371000,90792000000000,234000000
2022-07-11,389000,402000,380500,395000,345052,0.018000000000000002,1,7000,136303997500,92430000000000,234000000
2022-07-12,393000,403000,387500,401000,324262,0.0152,1,6000,129466396000,93834000000000,234000000
2022-07-13,398500,404000,392000,400000,223258,-0.0025,2,-1000,89361995000,93600000000000,234000000
2022-07-14,400000,404000,399000,399500,197883,-0.0013,2,-500,79341648000,93483000000000,234000000
2022-07-15,401500,402000,394000,400000,146816,0.0013,1,500,58477354500,93600000000000,234000000
2022-07-18,400000,400500,387000,393000,233929,-0.0175,2,-7000,91683809000,91962000000000,234000000
2022-07-19,391500,393500,382500,383000,205688,-0.0254,2,-10000,79472942500,89622000000000,234000000
2022-07-20,387000,389500,383500,384000,181936,0.0026,1,1000,70114619000,89856000000000,234000000
2022-07-21,385000,390500,384500,390500,185937,0.0169,1,6500,72143443000,91377000000000,234000000
2022-07-22,391500,392500,382000,382000,300672,-0.0218,2,-8500,115683322500,89388000000000,234000000
2022-07-25,376000,393500,371000,391000,653865,0.0236,1,9000,250565914000,91494000000000,234000000
2022-07-26,388000,409500,386500,394000,691524,0.0077,1,3000,275374353000,92196000000000,234000000
2022-07-27,383000,397000,382500,393500,2624439,-0.0013,2,-500,1015619584000,92079000000000,234000000
2022-07-28,396000,419000,393500,415500,1654973,0.0559,1,22000,676882637500,97227000000000,234000000
2022-07-29,416000,423000,411000,422000,721315,0.015600000000000001,1,6500,301694699000,98748000000000,234000000
2022-08-01,420000,428000,416500,419500,370740,-0.0059,2,-2500,156840943000,98163000000000,234000000
2022-08-02,420000,424000,413000,417000,282849,-0.006,2,-2500,117728618500,97578000000000,234000000
2022-08-03,416000,437000,415500,437000,733137,0.048,1,20000,315345794000,102258000000000,234000000
2022-08-04,444500,446500,438500,443000,573214,0.0137,1,6000,253917268000,103662000000000,234000000
2022-08-05,443500,449000,440500,446000,409770,0.0068000000000000005,1,3000,182957819500,104364000000000,234000000
2022-08-08,443000,448500,440500,447000,256471,0.0022,1,1000,114505113500,104598000000000,234000000
2022-08-09,448000,458500,444000,457500,593954,0.0235,1,10500,269431475000,107055000000000,234000000
2022-08-10,455500,459500,452500,458000,280484,0.0011,1,500,127937645000,107172000000000,234000000
2022-08-11,462000,474000,461000,472000,641654,0.030600000000000002,1,14000,301398296500,110448000000000,234000000
2022-08-12,469000,473000,455500,460500,430857,-0.024399999999999998,2,-11500,198571428500,107757000000000,234000000
2022-08-16,464500,469500,458500,460500,327692,0.0,3,0,151490169500,107757000000000,234000000
2022-08-17,461000,461500,450000,453500,343740,-0.0152,2,-7000,155733570500,106119000000000,234000000
2022-08-18,450000,455000,445000,452000,255728,-0.0033,2,-1500,115095379000,105768000000000,234000000
2022-08-19,452500,455000,445500,447000,225884,-0.0111,2,-5000,101569878500,104598000000000,234000000
2022-08-22,441500,447500,438500,442500,207144,-0.0101,2,-4500,91821994500,103545000000000,234000000
2022-08-23,441500,449000,439500,445000,225611,0.005600000000000001,1,2500,100119232000,104130000000000,234000000
2022-08-24,449500,454000,441500,451000,242174,0.013500000000000002,1,6000,108383166000,105534000000000,234000000
2022-08-25,452500,459000,449000,459000,262145,0.0177,1,8000,119340665500,107406000000000,234000000
2022-08-26,461000,467000,460500,465500,316072,0.014199999999999999,1,6500,146993194500,108927000000000,234000000
2022-08-29,451000,465000,447500,459500,339935,-0.0129,2,-6000,155107759000,107523000000000,234000000
2022-08-30,470500,478000,463500,465500,422011,0.0131,1,6000,198555404000,108927000000000,234000000
2022-08-31,462500,466000,455000,462500,432953,-0.0064,2,-3000,199598615500,108225000000000,234000000
2022-09-01,455500,469000,455000,463000,289808,0.0011,1,500,134255218000,108342000000000,234000000
2022-09-02,467500,487000,466500,482000,731539,0.040999999999999995,1,19000,349349353500,112788000000000,234000000
2022-09-05,481500,492000,480500,483000,323405,0.0021,1,1000,156727465500,113022000000000,234000000
2022-09-06,483000,486000,475000,483500,205898,0.001,1,500,99104211000,113139000000000,234000000
2022-09-07,481500,490500,481000,488000,276296,0.009300000000000001,1,4500,134388197500,114192000000000,234000000
2022-09-08,492500,494000,486000,486500,327964,-0.0031,2,-1500,160413041500,113841000000000,234000000
2022-09-13,492000,500000,485500,497000,437949,0.0216,1,10500,216824468500,116298000000000,234000000
2022-09-14,487000,500000,486500,498500,412616,0.003,1,1500,204743471500,116649000000000,234000000
2022-09-15,499500,513000,497500,511000,447162,0.025099999999999997,1,12500,226497319000,119574000000000,234000000
2022-09-16,512000,516000,501000,506000,975540,-0.0098,2,-5000,494626736000,118404000000000,234000000
2022-09-19,507000,507000,475000,477500,524253,-0.056299999999999996,2,-28500,254295386000,111735000000000,234000000
2022-09-20,484000,491000,475500,483500,321658,0.0126,1,6000,155579034500,113139000000000,234000000
2022-09-21,481500,487500,476500,479500,251723,-0.0083,2,-4000,121298049080,112203000000000,234000000
2022-09-22,475500,492000,473500,488500,270673,0.018799999999999997,1,9000,130675612000,114309000000000,234000000
2022-09-23,489000,489500,460000,460500,434212,-0.057300000000000004,2,-28000,203105102200,107757000000000,234000000
2022-09-26,453000,458000,440000,446500,446277,-0.0304,2,-14000,199778293500,104481000000000,234000000
2022-09-27,447500,451000,435000,444000,365111,-0.005600000000000001,2,-2500,161626660000,103896000000000,234000000
2022-09-28,444000,451500,427000,433500,434645,-0.0236,2,-10500,189714197000,101439000000000,234000000
2022-09-29,440500,448000,436500,440000,315304,0.015,1,6500,139837131500,102960000000000,234000000
2022-09-30,433000,438500,420000,426500,359392,-0.030699999999999998,2,-13500,153804360500,99801000000000,234000000
2022-10-04,429500,446000,415000,444500,385281,0.042199999999999994,1,18000,167012070000,104013000000000,234000000
2022-10-05,455000,470500,448500,469000,500217,0.055099999999999996,1,24500,231191701500,109746000000000,234000000
2022-10-06,470000,487000,466500,478000,355060,0.0192,1,9000,170841758000,111852000000000,234000000
2022-10-07,474500,486000,474000,482500,278082,0.009399999999999999,1,4500,134037047000,112905000000000,234000000
2022-10-11,482000,497500,477500,497500,482189,0.0311,1,15000,236796922500,116415000000000,234000000
2022-10-12,497500,498000,475500,483000,372446,-0.0291,2,-14500,179978844500,113022000000000,234000000
2022-10-13,484500,492500,476500,477000,305035,-0.0124,2,-6000,147505636500,111618000000000,234000000
2022-10-14,487000,489500,479000,483000,234212,0.0126,1,6000,113591744500,113022000000000,234000000
2022-10-17,479500,491500,477000,491500,234777,0.0176,1,8500,114305324000,115011000000000,234000000
2022-10-18,497000,499500,481500,489000,338046,-0.0051,2,-2500,164809047500,114426000000000,234000000
2022-10-19,491000,500000,489500,497500,347663,0.0174,1,8500,172425197000,116415000000000,234000000
2022-10-20,499000,500000,484500,495000,301938,-0.005,2,-2500,148060337500,115830000000000,234000000
2022-10-21,491000,499000,489000,499000,211677,0.008100000000000001,1,4000,104882615000,116766000000000,234000000
2022-10-24,504000,510000,500000,509000,346950,0.02,1,10000,175720241000,119106000000000,234000000
2022-10-25,510000,526000,509000,511000,473847,0.0039000000000000003,1,2000,245733032000,119574000000000,234000000
2022-10-26,517000,530000,514000,529000,445935,0.0352,1,18000,233328133000,123786000000000,234000000
2022-10-27,535000,545000,532000,540000,370279,0.0208,1,11000,200117783000,126360000000000,234000000
2022-10-28,540000,549000,530000,532000,381489,-0.0148,2,-8000,206763746000,124488000000000,234000000
2022-10-31,539000,542000,516000,528000,627381,-0.0075,2,-4000,331526483000,123552000000000,234000000
2022-11-01,534000,563000,533000,563000,516467,0.0663,1,35000,284507717000,131742000000000,234000000
2022-11-02,564000,585000,560000,569000,587884,0.010700000000000001,1,6000,336246956000,133146000000000,234000000
2022-11-03,560000,593000,557000,589000,423465,0.0351,1,20000,246609076000,137826000000000,234000000
2022-11-04,590000,598000,583000,592000,363743,0.0051,1,3000,215649789000,138528000000000,234000000
2022-11-07,591000,596000,581000,587000,260646,-0.0084,2,-5000,152981620000,137358000000000,234000000
2022-11-08,590000,590000,570000,588000,367102,0.0017000000000000001,1,1000,213455513000,137592000000000,234000000
2022-11-09,591000,599000,581000,599000,304293,0.0187,1,11000,180166426000,140166000000000,234000000
2022-11-10,595000,610000,593000,605000,381672,0.01,1,6000,229880824000,141570000000000,234000000
2022-11-11,623000,629000,613000,624000,447112,0.031400000000000004,1,19000,278189137000,146016000000000,234000000
2022-11-14,618000,628000,602000,604000,433612,-0.0321,2,-20000,265617414000,141336000000000,234000000
2022-11-15,604000,610000,586000,596000,380071,-0.0132,2,-8000,226266348838,139464000000000,234000000
2022-11-16,599000,603000,585000,600000,246738,0.0067,1,4000,147000752920,140400000000000,234000000
2022-11-17,596000,606000,593000,597000,157723,-0.005,2,-3000,94579147000,139698000000000,234000000
2022-11-18,600000,613000,597000,598000,237076,0.0017000000000000001,1,1000,142934707000,139932000000000,234000000
2022-11-21,600000,600000,571000,573000,375953,-0.0418,2,-25000,217705954000,134082000000000,234000000
2022-11-22,569000,578000,558000,571000,323986,-0.0034999999999999996,2,-2000,185025273000,133614000000000,234000000
2022-11-23,574000,576000,557000,561000,313170,-0.0175,2,-10000,176719538000,131274000000000,234000000
2022-11-24,568000,574000,565000,568000,202426,0.0125,1,7000,115085125000,132912000000000,234000000
2022-11-25,568000,577000,566000,571000,189536,0.0053,1,3000,108270903000,133614000000000,234000000
2022-11-28,573000,584000,554000,562000,327688,-0.0158,2,-9000,186098834068,131508000000000,234000000
2022-11-29,562000,568000,558000,567000,276910,0.0089,1,5000,155824932000,132678000000000,234000000
2022-11-30,563000,587000,556000,587000,1549820,0.0353,1,20000,902818923500,137358000000000,234000000
2022-12-01,589000,591000,579000,585000,360664,-0.0034000000000000002,2,-2000,210355311000,136890000000000,234000000
2022-12-02,585000,590000,578000,584000,239024,-0.0017000000000000001,2,-1000,139765656000,136656000000000,234000000
2022-12-05,582000,582000,562000,562000,370292,-0.0377,2,-22000,209752303616,131508000000000,234000000
2022-12-06,555000,568000,553000,559000,249853,-0.0053,2,-3000,140097400000,130806000000000,234000000
2022-12-07,558000,565000,553000,563000,209953,0.0072,1,4000,117438901000,131742000000000,234000000
2022-12-08,564000,567000,525000,531000,928841,-0.056799999999999996,2,-32000,496837630000,124254000000000,234000000
2022-12-09,533000,534000,507000,515000,621086,-0.0301,2,-16000,319858394500,120510000000000,234000000
2022-12-12,506000,514000,501000,502000,410188,-0.0252,2,-13000,207412004250,117468000000000,234000000
2022-12-13,506000,506000,489000,496500,409056,-0.011000000000000001,2,-5500,203026278000,116181000000000,234000000
2022-12-14,492500,502000,488000,498500,321107,0.004,1,2000,159785998000,116649000000000,234000000
2022-12-15,499000,502000,483000,486000,324362,-0.025099999999999997,2,-12500,159388257000,113724000000000,234000000
2022-12-16,476500,489500,476500,485500,312213,-0.001,2,-500,151208489500,113607000000000,234000000
2022-12-19,482500,483000,473000,482000,333848,-0.0072,2,-3500,159178309141,112788000000000,234000000
2022-12-20,478500,497500,477000,487500,328234,0.011399999999999999,1,5500,160189023000,114075000000000,234000000
2022-12-21,489500,493000,475000,477000,244350,-0.0215,2,-10500,117580716000,111618000000000,234000000
2022-12-22,479500,481000,466500,471500,340815,-0.0115,2,-5500,160869946024,110331000000000,234000000
2022-12-23,464000,465500,455000,455500,287228,-0.0339,2,-16000,131962336500,106587000000000,234000000
2022-12-26,454000,459500,454000,457500,149013,0.0044,1,2000,68076804000,107055000000000,234000000
2022-12-27,457500,460000,449500,457000,231365,-0.0011,2,-500,105297997500,106938000000000,234000000
2022-12-28,450500,450500,432500,436500,446129,-0.0449,2,-20500,195654086000,102141000000000,234000000
2022-12-29,435500,442500,432500,435500,265226,-0.0023,2,-1000,116156988000,101907000000000,234000000
2023-01-02,442000,455000,441500,446000,250046,0.0241,1,10500,112200536500,104364000000000,234000000
2023-01-03,446000,449500,435000,440500,218710,-0.0123,2,-5500,96276867000,103077000000000,234000000
2023-01-04,433000,445000,421000,443000,291720,0.005699999999999999,1,2500,126337595500,103662000000000,234000000
2023-01-05,447000,450000,433000,433500,291874,-0.021400000000000002,2,-9500,127989970000,101439000000000,234000000
2023-01-06,429500,444000,423000,444000,294525,0.0242,1,10500,128669280000,103896000000000,234000000
2023-01-09,449500,465000,448500,464000,395601,0.045,1,20000,181412329500,108576000000000,234000000
2023-01-10,473500,484000,467000,473500,608987,0.020499999999999997,1,9500,290488630500,110799000000000,234000000
2023-01-11,474000,478500,469000,474500,254291,0.0021,1,1000,120479440000,111033000000000,234000000
2023-01-12,481000,482000,472000,478000,287924,0.0074,1,3500,137505865000,111852000000000,234000000
2023-01-13,479500,482000,475500,478000,181006,0.0,3,0,86465535500,111852000000000,234000000
2023-01-16,478500,480500,475500,480500,138434,0.0052,1,2500,66315916000,112437000000000,234000000
2023-01-17,478500,479000,454500,458000,390507,-0.046799999999999994,2,-22500,181380141500,107172000000000,234000000
2023-01-18,464000,467000,454500,458000,282241,0.0,3,0,130109721155,107172000000000,234000000
2023-01-19,458000,463000,448000,456000,271694,-0.0044,2,-2000,123204255120,106704000000000,234000000
2023-01-20,456500,471500,450500,469500,266206,0.0296,1,13500,123339592500,109863000000000,234000000
2023-01-25,470000,484000,470000,484000,366937,0.030899999999999997,1,14500,175885698000,113256000000000,234000000
2023-01-26,485500,520000,476500,517000,686493,0.0682,1,33000,346739972500,120978000000000,234000000
2023-01-27,525000,526000,504000,506000,459245,-0.0213,2,-11000,235054829000,118404000000000,234000000
2023-01-30,498500,515000,490000,510000,1609558,0.0079,1,4000,805073696500,119340000000000,234000000
2023-01-31,504000,528000,501000,521000,722845,0.0216,1,11000,374919075000,121914000000000,234000000
2023-02-01,527000,531000,518000,522000,428384,0.0019,1,1000,224408197000,122148000000000,234000000
2023-02-02,529000,534000,522000,533000,367389,0.021099999999999997,1,11000,193985112000,124722000000000,234000000
2023-02-03,533000,541000,530000,535000,311193,0.0038,1,2000,166315331500,125190000000000,234000000
2023-02-06,530000,533000,521000,525000,280165,-0.0187,2,-10000,147857568000,122850000000000,234000000
2023-02-07,520000,544000,520000,542000,363799,0.032400000000000005,1,17000,195243248884,126828000000000,234000000
2023-02-08,545000,549000,542000,546000,301262,0.0074,1,4000,164268456000,127764000000000,234000000
2023-02-09,544000,550000,540000,550000,355020,0.0073,1,4000,194402279000,128700000000000,234000000
2023-02-10,547000,548000,535000,542000,260831,-0.014499999999999999,2,-8000,141170994000,126828000000000,234000000
2023-02-13,536000,537000,522000,522000,415228,-0.0369,2,-20000,219193153000,122148000000000,234000000
2023-02-14,526000,532000,520000,525000,299950,0.005699999999999999,1,3000,157465524000,122850000000000,234000000
2023-02-15,531000,543000,526000,527000,313034,0.0038,1,2000,167078299000,123318000000000,234000000
2023-02-16,534000,549000,531000,549000,390488,0.0417,1,22000,212287373000,128466000000000,234000000
2023-02-17,540000,548000,529000,533000,334707,-0.0291,2,-16000,179304631000,124722000000000,234000000
2023-02-20,534000,534000,511000,516000,380832,-0.0319,2,-17000,197378477000,120744000000000,234000000
2023-02-21,517000,522000,511000,520000,211255,0.0078000000000000005,1,4000,109629544000,121680000000000,234000000
2023-02-22,507000,516000,504000,508000,315931,-0.0231,2,-12000,160910240000,118872000000000,234000000
2023-02-23,511000,515000,504000,507000,218469,-0.002,2,-1000,111154528000,118638000000000,234000000
2023-02-24,508000,522000,507000,511000,239646,0.0079,1,4000,123155230000,119574000000000,234000000
2023-02-27,507000,512000,499000,508000,256666,-0.0059,2,-3000,129711824500,118872000000000,234000000
2023-02-28,516000,532000,515000,523000,419180,0.029500000000000002,1,15000,219217798000,122382000000000,234000000
2023-03-02,520000,542000,516000,535000,506812,0.0229,1,12000,269520155121,125190000000000,234000000
2023-03-03,539000,542000,533000,538000,288004,0.005600000000000001,1,3000,154761915000,125892000000000,234000000
2023-03-06,545000,547000,533000,547000,418951,0.0167,1,9000,226937278000,127998000000000,234000000
2023-03-07,548000,570000,543000,566000,834010,0.0347,1,19000,467637853000,132444000000000,234000000
2023-03-08,559000,569000,551000,562000,374233,-0.0070999999999999995,2,-4000,209800603000,131508000000000,234000000
2023-03-09,564000,569000,545000,549000,411910,-0.0231,2,-13000,227605558000,128466000000000,234000000
2023-03-10,537000,553000,534000,551000,270554,0.0036,1,2000,148083400000,128934000000000,234000000
2023-03-13,554000,565000,549000,563000,365145,0.0218,1,12000,204143750000,131742000000000,234000000
2023-03-14,560000,561000,545000,548000,306944,-0.026600000000000002,2,-15000,168977756000,128232000000000,234000000
2023-03-15,551000,573000,549000,565000,455274,0.031,1,17000,256887128000,132210000000000,234000000
2023-03-16,561000,578000,558000,576000,499942,0.0195,1,11000,285799756000,134784000000000,234000000
2023-03-17,579000,579000,550000,553000,461982,-0.039900000000000005,2,-23000,258233384000,129402000000000,234000000
2023-03-20,546000,551000,537000,544000,229510,-0.0163,2,-9000,124978455000,127296000000000,234000000
2023-03-21,549000,559000,545000,546000,186781,0.0037,1,2000,102912731000,127764000000000,234000000
2023-03-22,557000,577000,555000,573000,534061,0.0495,1,27000,303604190000,134082000000000,234000000
2023-03-23,568000,580000,566000,575000,457612,0.0034999999999999996,1,2000,262275906000,134550000000000,234000000
2023-03-24,577000,578000,556000,569000,317648,-0.0104,2,-6000,179941076000,133146000000000,234000000
2023-03-27,588000,594000,572000,574000,553025,0.0088,1,5000,322065675000,134316000000000,234000000
2023-03-28,578000,579000,566000,577000,264318,0.0052,1,3000,151429356000,135018000000000,234000000
2023-03-29,578000,585000,577000,583000,368772,0.0104,1,6000,213926175000,136422000000000,234000000
2023-03-30,587000,590000,576000,588000,334990,0.0086,1,5000,196176021000,137592000000000,234000000
2023-03-31,582000,590000,571000,584000,298469,-0.0068000000000000005,2,-4000,174146403000,136656000000000,234000000
2023-04-03,588000,590000,577000,586000,330892,0.0034000000000000002,1,2000,193253021000,137124000000000,234000000
2023-04-04,586000,598000,572000,575000,444861,-0.018799999999999997,2,-11000,260037886000,134550000000000,234000000
2023-04-05,575000,589000,574000,588000,235578,0.0226,1,13000,137146113000,137592000000000,234000000
2023-04-06,587000,590000,578000,580000,278416,-0.013600000000000001,2,-8000,162543489461,135720000000000,234000000
2023-04-07,581000,590000,579000,580000,366225,0.0,3,0,213290884200,135720000000000,234000000
2023-04-10,587000,598000,584000,596000,597900,0.0276,1,16000,355210158000,139464000000000,234000000
2023-04-11,600000,613000,596000,610000,811886,0.0235,1,14000,492488124000,142740000000000,234000000
2023-04-12,608000,610000,588000,590000,541299,-0.032799999999999996,2,-20000,322813295000,138060000000000,234000000
2023-04-13,581000,599000,575000,599000,386450,0.015300000000000001,1,9000,228204204000,140166000000000,234000000
2023-04-14,603000,604000,586000,594000,339843,-0.0083,2,-5000,201420815000,138996000000000,234000000
2023-04-17,588000,593000,584000,591000,276643,-0.0051,2,-3000,162891053000,138294000000000,234000000
2023-04-18,593000,598000,586000,592000,247157,0.0017000000000000001,1,1000,146511079000,138528000000000,234000000
2023-04-19,593000,593000,581000,582000,300756,-0.0169,2,-10000,175826274000,136188000000000,234000000
2023-04-20,582000,586000,575000,580000,247483,-0.0034000000000000002,2,-2000,143445944000,135720000000000,234000000
2023-04-21,577000,578000,563000,572000,267430,-0.0138,2,-8000,152830791000,133848000000000,234000000
2023-04-24,566000,575000,563000,566000,189996,-0.0105,2,-6000,107862883000,132444000000000,234000000
2023-04-25,570000,575000,548000,551000,328253,-0.0265,2,-15000,182487896000,128934000000000,234000000
2023-04-26,551000,572000,550000,567000,296105,0.028999999999999998,1,16000,166642321000,132678000000000,234000000
2023-04-27,573000,588000,567000,587000,463287,0.0353,1,20000,269684668000,137358000000000,234000000
2023-04-28,590000,591000,573000,581000,316880,-0.0102,2,-6000,183868381000,135954000000000,234000000
2023-05-02,580000,592000,579000,591000,273527,0.0172,1,10000,160973712000,138294000000000,234000000
2023-05-03,587000,587000,566000,567000,243943,-0.0406,2,-24000,139845914000,132678000000000,234000000
2023-05-04,563000,571000,560000,564000,244181,-0.0053,2,-3000,137592002000,131976000000000,234000000
2023-05-08,565000,572000,558000,558000,202092,-0.0106,2,-6000,114162505000,130572000000000,234000000
2023-05-09,558000,567000,550000,563000,169554,0.009000000000000001,1,5000,94788621000,131742000000000,234000000
2023-05-10,561000,570000,559000,566000,144538,0.0053,1,3000,81813547000,132444000000000,234000000
2023-05-11,568000,572000,550000,553000,290645,-0.023,2,-13000,161946431000,129402000000000,234000000
2023-05-12,547000,549000,542000,547000,184132,-0.0108,2,-6000,100582107000,127998000000000,234000000
2023-05-15,542000,546000,530000,545000,211398,-0.0037,2,-2000,114160586000,127530000000000,234000000
2023-05-16,549000,552000,538000,540000,178059,-0.0092,2,-5000,96682716000,126360000000000,234000000
2023-05-17,538000,560000,534000,560000,185024,0.037000000000000005,1,20000,102323430000,131040000000000,234000000
2023-05-18,563000,564000,555000,562000,144616,0.0036,1,2000,80991541000,131508000000000,234000000
2023-05-19,560000,561000,552000,552000,156070,-0.0178,2,-10000,86426289000,129168000000000,234000000
2023-05-22,553000,562000,547000,560000,154752,0.014499999999999999,1,8000,86239786000,131040000000000,234000000
2023-05-23,564000,579000,563000,574000,243135,0.025,1,14000,139538855000,134316000000000,234000000
2023-05-24,574000,585000,572000,585000,257248,0.0192,1,11000,149384849000,136890000000000,234000000
2023-05-25,579000,591000,576000,583000,199907,-0.0034000000000000002,2,-2000,116422022000,136422000000000,234000000
2023-05-26,580000,583000,575000,578000,113909,-0.0086,2,-5000,65876235000,135252000000000,234000000
2023-05-30,583000,586000,575000,580000,175179,0.0034999999999999996,1,2000,101478132000,135720000000000,234000000
2023-05-31,581000,604000,581000,599000,610868,0.032799999999999996,1,19000,363888359000,140166000000000,234000000
2023-06-01,595000,597000,584000,584000,204800,-0.025,2,-15000,120476967000,136656000000000,234000000
2023-06-02,588000,591000,586000,588000,155137,0.0068000000000000005,1,4000,91268049000,137592000000000,234000000
2023-06-05,590000,595000,587000,594000,198113,0.0102,1,6000,117318300000,138996000000000,234000000
2023-06-07,597000,605000,597000,604000,498286,0.0168,1,10000,299966994000,141336000000000,234000000
2023-06-08,601000,602000,588000,591000,286608,-0.0215,2,-13000,169960720000,138294000000000,234000000
2023-06-09,597000,610000,597000,609000,449434,0.0305,1,18000,271926546000,142506000000000,234000000
2023-06-12,614000,614000,603000,612000,231274,0.0049,1,3000,140855124000,143208000000000,234000000
2023-06-13,612000,613000,604000,607000,194004,-0.008199999999999999,2,-5000,117817549000,142038000000000,234000000
2023-06-14,610000,614000,588000,589000,300834,-0.0297,2,-18000,180512842000,137826000000000,234000000
2023-06-15,594000,600000,581000,585000,340106,-0.0068000000000000005,2,-4000,199558420000,136890000000000,234000000
2023-06-16,591000,592000,582000,588000,271773,0.0051,1,3000,159432971000,137592000000000,234000000
2023-06-19,579000,580000,558000,561000,900555,-0.045899999999999996,2,-27000,507496239000,131274000000000,234000000
2023-06-20,561000,568000,555000,561000,337706,0.0,3,0,189141210000,131274000000000,234000000
2023-06-21,563000,565000,556000,558000,267829,-0.0053,2,-3000,149716823000,130572000000000,234000000
2023-06-22,556000,575000,556000,569000,319585,0.0197,1,11000,181362535400,133146000000000,234000000
2023-06-23,570000,574000,561000,563000,176724,-0.0105,2,-6000,99858763000,131742000000000,234000000
2023-06-26,562000,567000,559000,564000,136695,0.0018,1,1000,77043428000,131976000000000,234000000
2023-06-27,561000,562000,556000,561000,214674,-0.0053,2,-3000,119888918500,131274000000000,234000000
2023-06-28,561000,566000,545000,547000,300378,-0.025,2,-14000,166179507000,127998000000000,234000000
2023-06-29,548000,561000,547000,550000,230986,0.0055000000000000005,1,3000,127654953000,128700000000000,234000000
2023-06-30,551000,556000,548000,553000,173743,0.0055000000000000005,1,3000,95782869000,129402000000000,234000000
2023-07-03,557000,576000,556000,573000,290579,0.0362,1,20000,165225463000,134082000000000,234000000
2023-07-04,573000,574000,564000,569000,252640,-0.006999999999999999,2,-4000,143601980600,133146000000000,234000000
2023-07-05,569000,571000,564000,567000,159456,-0.0034999999999999996,2,-2000,90540198000,132678000000000,234000000
2023-07-06,569000,572000,562000,565000,200896,-0.0034999999999999996,2,-2000,113512005706,132210000000000,234000000
2023-07-07,570000,574000,556000,562000,287258,-0.0053,2,-3000,161338849000,131508000000000,234000000
2023-07-10,564000,564000,550000,550000,302475,-0.021400000000000002,2,-12000,167857893000,128700000000000,234000000
2023-07-11,553000,557000,547000,550000,257343,0.0,3,0,141137701000,128700000000000,234000000
2023-07-12,538000,539000,530000,534000,1969703,-0.0291,2,-16000,1045231666500,124956000000000,234000000
2023-07-13,535000,544000,534000,542000,503736,0.015,1,8000,271736992000,126828000000000,234000000
2023-07-14,544000,546000,538000,542000,324259,0.0,3,0,175229212000,126828000000000,234000000
2023-07-17,541000,542000,533000,538000,248574,-0.0074,2,-4000,133670745000,125892000000000,234000000
2023-07-18,539000,553000,534000,549000,557507,0.0204,1,11000,302423520000,128466000000000,234000000
2023-07-19,550000,564000,546000,560000,494088,0.02,1,11000,275669366000,131040000000000,234000000
2023-07-20,560000,563000,551000,556000,319843,-0.0070999999999999995,2,-4000,178429901000,130104000000000,234000000
2023-07-21,549000,574000,543000,569000,508472,0.023399999999999997,1,13000,285787147000,133146000000000,234000000
2023-07-24,573000,602000,568000,597000,1074661,0.0492,1,28000,634814376000,139698000000000,234000000
2023-07-25,607000,610000,585000,594000,756355,-0.005,2,-3000,450259061000,138996000000000,234000000
2023-07-26,595000,620000,560000,580000,1706916,-0.0236,2,-14000,1018880422000,135720000000000,234000000
2023-07-27,577000,577000,535000,540000,1180424,-0.069,2,-40000,647648641000,126360000000000,234000000
2023-07-28,540000,552000,540000,542000,561173,0.0037,1,2000,305878326000,126828000000000,234000000
2023-07-31,545000,562000,545000,560000,378890,0.0332,1,18000,210744455000,131040000000000,234000000
2023-08-01,562000,568000,550000,557000,406755,-0.0054,2,-3000,227672030000,130338000000000,234000000
2023-08-02,551000,559000,543000,544000,273058,-0.0233,2,-13000,149682118000,127296000000000,234000000
2023-08-03,541000,551000,539000,543000,299858,-0.0018,2,-1000,163202576000,127062000000000,234000000
2023-08-04,545000,548000,540000,540000,164545,-0.0055000000000000005,2,-3000,89079956000,126360000000000,234000000
2023-08-07,540000,542000,513000,514000,549808,-0.0481,2,-26000,287340765000,120276000000000,234000000
2023-08-08,517000,535000,517000,525000,328379,0.021400000000000002,1,11000,172808171000,122850000000000,234000000
2023-08-09,530000,553000,528000,553000,485515,0.0533,1,28000,265315316000,129402000000000,234000000
2023-08-10,549000,560000,543000,556000,344272,0.0054,1,3000,190480536000,130104000000000,234000000
2023-08-11,559000,559000,543000,547000,228274,-0.016200000000000003,2,-9000,125483596000,127998000000000,234000000
2023-08-14,545000,551000,536000,542000,238615,-0.0091,2,-5000,129672588000,126828000000000,234000000
2023-08-16,533000,540000,524000,526000,289809,-0.029500000000000002,2,-16000,153557246000,123084000000000,234000000
2023-08-17,522000,543000,522000,540000,306424,0.026600000000000002,1,14000,163750018000,126360000000000,234000000
2023-08-18,534000,538000,525000,529000,205838,-0.0204,2,-11000,108932674000,123786000000000,234000000
2023-08-21,530000,534000,522000,526000,251626,-0.005699999999999999,2,-3000,132693989000,123084000000000,234000000
2023-08-22,531000,542000,531000,539000,195045,0.024700000000000003,1,13000,104927963000,126126000000000,234000000
2023-08-23,535000,538000,525000,525000,191350,-0.026000000000000002,2,-14000,101192294000,122850000000000,234000000
2023-08-24,532000,537000,523000,535000,191114,0.019,1,10000,101285977000,125190000000000,234000000
2023-08-25,527000,549000,525000,546000,249493,0.0206,1,11000,135513119000,127764000000000,234000000
2023-08-28,550000,553000,542000,553000,246291,0.0128,1,7000,135548967801,129402000000000,234000000
2023-08-29,554000,555000,546000,552000,225090,-0.0018,2,-1000,123875448000,129168000000000,234000000
2023-08-30,557000,558000,550000,553000,224096,0.0018,1,1000,124052709000,129402000000000,234000000
2023-08-31,554000,554000,543000,544000,1211809,-0.0163,2,-9000,660053689000,127296000000000,234000000
2023-09-01,544000,544000,520000,522000,496771,-0.0404,2,-22000,260888083000,122148000000000,234000000
2023-09-04,522000,531000,520000,530000,218035,0.015300000000000001,1,8000,115019646148,124020000000000,234000000
2023-09-05,528000,537000,528000,536000,156600,0.0113,1,6000,83466075417,125424000000000,234000000
2023-09-06,537000,540000,526000,527000,189937,-0.0168,2,-9000,101131382000,123318000000000,234000000
2023-09-07,523000,529000,514000,517000,308430,-0.019,2,-10000,160111497000,120978000000000,234000000
2023-09-08,520000,521000,505000,509000,287513,-0.0155,2,-8000,146708510000,119106000000000,234000000
2023-09-11,512000,512000,505000,508000,159612,-0.002,2,-1000,81159399000,118872000000000,234000000
2023-09-12,513000,516000,499500,499500,300881,-0.0167,2,-8500,151276093740,116883000000000,234000000
2023-09-13,491000,502000,490000,494500,271068,-0.01,2,-5000,134143723000,115713000000000,234000000
2023-09-14,496500,511000,495000,508000,294550,0.0273,1,13500,148829451000,118872000000000,234000000
2023-09-15,506000,521000,504000,514000,515495,0.0118,1,6000,265186657000,120276000000000,234000000
2023-09-18,513000,514000,505000,507000,164941,-0.013600000000000001,2,-7000,83683213000,118638000000000,234000000
2023-09-19,508000,511000,496000,496500,209840,-0.0207,2,-10500,104877762000,116181000000000,234000000
2023-09-20,495000,502000,494000,499500,153389,0.006,1,3000,76425689000,116883000000000,234000000
2023-09-21,497000,497500,486000,487000,292854,-0.025,2,-12500,143514946000,113958000000000,234000000
2023-09-22,479000,495000,478500,491000,249462,0.008199999999999999,1,4000,121714218500,114894000000000,234000000
2023-09-25,491500,491500,461500,476000,410299,-0.0305,2,-15000,193943505000,111384000000000,234000000
2023-09-26,471500,479000,468500,475500,252369,-0.0011,2,-500,119641812000,111267000000000,234000000
2023-09-27,469500,476500,466500,476500,256074,0.0021,1,1000,120706253500,111501000000000,234000000
2023-10-04,467000,471500,455500,456000,423482,-0.043,2,-20500,194537825500,106704000000000,234000000
2023-10-05,468500,477000,463000,467500,370971,0.0252,1,11500,174009760859,109395000000000,234000000
2023-10-06,468000,476500,462500,464000,205780,-0.0075,2,-3500,96161043500,108576000000000,234000000
2023-10-10,467500,473000,458000,458500,344073,-0.011899999999999999,2,-5500,159540116500,107289000000000,234000000
2023-10-11,464500,496500,464500,492000,670584,0.0731,1,33500,326706239693,115128000000000,234000000
2023-10-12,494000,501000,490000,493500,477829,0.003,1,1500,236762862200,115479000000000,234000000
2023-10-13,490000,490000,480000,484000,300483,-0.019299999999999998,2,-9500,145403987500,113256000000000,234000000
2023-10-16,479500,481500,471500,474000,255899,-0.0207,2,-10000,121507757500,110916000000000,234000000
2023-10-17,479500,482500,474000,475000,189464,0.0021,1,1000,90428509000,111150000000000,234000000
2023-10-18,471500,472500,462000,465000,317384,-0.021099999999999997,2,-10000,147612517000,108810000000000,234000000
2023-10-19,455500,457000,450000,452500,358437,-0.0269,2,-12500,162159896500,105885000000000,234000000
2023-10-20,445500,446000,435500,436500,363181,-0.0354,2,-16000,159386857500,102141000000000,234000000
2023-10-23,438000,442500,430500,436500,296136,0.0,3,0,129547941500,102141000000000,234000000
2023-10-24,439500,449000,423000,448500,393138,0.0275,1,12000,170993221000,104949000000000,234000000
2023-10-25,449000,449500,409000,409500,1005968,-0.087,2,-39000,424284773344,95823000000000,234000000
2023-10-26,398000,407000,395000,399500,534523,-0.024399999999999998,2,-10000,214846162277,93483000000000,234000000
2023-10-27,399500,411000,396500,400000,500087,0.0013,1,500,200973559500,93600000000000,234000000
2023-10-30,397000,413000,397000,405000,342974,0.0125,1,5000,139401625378,94770000000000,234000000
2023-10-31,404500,404500,382500,385500,719190,-0.0481,2,-19500,278447497000,90207000000000,234000000
2023-11-01,389500,391500,375500,377500,348415,-0.0208,2,-8000,133134628000,88335000000000,234000000
2023-11-02,383500,394000,380000,391500,485126,0.0371,1,14000,188465974500,91611000000000,234000000
2023-11-03,402500,404500,396500,402000,442376,0.0268,1,10500,177315049250,94068000000000,234000000
2023-11-06,451500,500000,435000,493500,1894906,0.22760000000000002,1,91500,898455121000,115479000000000,234000000
2023-11-07,488500,488500,440500,443000,825182,-0.1023,2,-50500,378112795000,103662000000000,234000000
2023-11-08,446000,459500,437500,437500,367858,-0.0124,2,-5500,164492835250,102375000000000,234000000
2023-11-09,439000,447000,426500,429000,348224,-0.0194,2,-8500,150234899000,100386000000000,234000000
2023-11-10,418500,422000,411000,411000,290145,-0.042,2,-18000,120356419400,96174000000000,234000000
2023-11-13,413000,425000,408000,415500,258047,0.0109,1,4500,106825026500,97227000000000,234000000
2023-11-14,424500,444000,420500,437000,318068,0.051699999999999996,1,21500,137961081500,102258000000000,234000000
2023-11-15,460000,460000,446000,451500,354065,0.0332,1,14500,160238622500,105651000000000,234000000
2023-11-16,447500,449500,439000,442500,186484,-0.0199,2,-9000,82756574500,103545000000000,234000000
2023-11-17,436000,437000,428000,432000,223340,-0.023700000000000002,2,-10500,96405294500,101088000000000,234000000
2023-11-20,432000,445500,431500,444000,250872,0.0278,1,12000,110859725000,103896000000000,234000000
2023-11-21,450000,452000,444000,447000,158805,0.0068000000000000005,1,3000,71121360000,104598000000000,234000000
2023-11-22,443000,446000,437000,442000,136059,-0.011200000000000002,2,-5000,59985468000,103428000000000,234000000
2023-11-23,440500,450500,440500,448500,142291,0.0147,1,6500,63630154000,104949000000000,234000000
2023-11-24,449500,452500,442500,442500,134085,-0.0134,2,-6000,59823316500,103545000000000,234000000
2023-11-27,446000,447500,432500,434500,154442,-0.0181,2,-8000,67655960000,101673000000000,234000000
2023-11-28,436500,440500,434000,435000,140561,0.0012,1,500,61353497500,101790000000000,234000000
2023-11-29,440000,447500,434000,447000,203907,0.0276,1,12000,90302184000,104598000000000,234000000
2023-11-30,444000,454500,440500,454500,289478,0.0168,1,7500,130212963000,106353000000000,234000000
2023-12-01,444000,448000,428500,428500,498100,-0.0572,2,-26000,215049437500,100269000000000,234000000
2023-12-04,429500,436000,428000,430000,238728,0.0034999999999999996,1,1500,103002823000,100620000000000,234000000
2023-12-05,425000,434500,423000,430000,156615,0.0,3,0,67490991500,100620000000000,234000000
2023-12-06,430500,435000,424500,424500,178434,-0.0128,2,-5500,76328399000,99333000000000,234000000
2023-12-07,428000,429500,420000,426500,166343,0.004699999999999999,1,2000,70694999000,99801000000000,234000000
2023-12-08,431500,436000,427500,430500,156894,0.009399999999999999,1,4000,67650752000,100737000000000,234000000
2023-12-11,434000,434000,427000,428500,139380,-0.0046,2,-2000,59879431000,100269000000000,234000000
2023-12-12,427000,430500,424000,424500,174436,-0.009300000000000001,2,-4000,74412896500,99333000000000,234000000
2023-12-13,423000,424500,409500,410000,260657,-0.0342,2,-14500,107996546000,95940000000000,234000000
2023-12-14,419500,422500,415000,422500,330547,0.0305,1,12500,138762390000,98865000000000,234000000
2023-12-15,426500,431000,422000,422000,341008,-0.0012,2,-500,144990527500,98748000000000,234000000
2023-12-18,429500,430000,422000,422000,207795,0.0,3,0,88163935000,98748000000000,234000000
2023-12-19,422000,428000,419000,426000,195288,0.0095,1,4000,82907799000,99684000000000,234000000
2023-12-20,429000,434000,428000,432500,243818,0.015300000000000001,1,6500,105196832000,101205000000000,234000000
2023-12-21,428500,430000,421000,423000,198534,-0.022000000000000002,2,-9500,84519484500,98982000000000,234000000
2023-12-22,425500,425500,419000,419500,181449,-0.0083,2,-3500,76376615500,98163000000000,234000000
2023-12-26,423500,423500,415000,415500,150973,-0.0095,2,-4000,62927677500,97227000000000,234000000
2023-12-27,417000,422000,417000,421000,130675,0.0132,1,5500,54811264500,98514000000000,234000000
2023-12-28,421500,427500,421000,427500,190673,0.0154,1,6500,80927938000,100035000000000,234000000
2024-01-02,425000,429500,422000,429500,152929,0.004699999999999999,1,2000,65399307000,100503000000000,234000000
2024-01-03,425500,426000,416000,416000,196510,-0.031400000000000004,2,-13500,82332245000,97344000000000,234000000
2024-01-04,414000,419000,410000,419000,131106,0.0072,1,3000,54480683500,98046000000000,234000000
2024-01-05,416500,420500,414500,416000,138131,-0.0072,2,-3000,57654205000,97344000000000,234000000
2024-01-08,419500,419500,414500,415000,112716,-0.0024,2,-1000,46906029500,97110000000000,234000000
2024-01-09,419500,419500,415000,417500,141094,0.006,1,2500,58784467500,97695000000000,234000000
2024-01-10,417500,417500,405500,410500,195832,-0.0168,2,-7000,80329768000,96057000000000,234000000
2024-01-11,409500,420000,409500,415500,234974,0.012199999999999999,1,5000,97839120500,97227000000000,234000000
2024-01-12,415000,415500,409000,413000,151154,-0.006,2,-2500,62137642680,96642000000000,234000000
2024-01-15,409000,409500,397000,399500,283565,-0.0327,2,-13500,113597242500,93483000000000,234000000
2024-01-16,396500,404000,394500,400500,246497,0.0025,1,1000,98703830500,93717000000000,234000000
2024-01-17,400000,400500,387000,390000,263868,-0.0262,2,-10500,103134871000,91260000000000,234000000
2024-01-18,390000,399000,387000,390500,190739,0.0013,1,500,74689593000,91377000000000,234000000
2024-01-19,390500,397000,378500,383500,263399,-0.0179,2,-7000,101330009500,89739000000000,234000000
2024-01-22,383500,387000,371500,372000,214410,-0.03,2,-11500,80373868000,87048000000000,234000000
2024-01-23,370500,379000,370500,373500,170955,0.004,1,1500,63990460500,87399000000000,234000000
2024-01-24,372500,385000,370500,380500,218985,0.0187,1,7000,83300353500,89037000000000,234000000
2024-01-25,375000,375500,363000,368000,317036,-0.0329,2,-12500,116463998500,86112000000000,234000000
2024-01-26,364000,392000,362000,381000,331129,0.0353,1,13000,126622473000,89154000000000,234000000
2024-01-29,385000,387000,377500,377500,216167,-0.0092,2,-3500,82678686000,88335000000000,234000000
2024-01-30,382500,387500,373000,375000,222999,-0.0066,2,-2500,84842319000,87750000000000,234000000
2024-01-31,379000,387500,377000,381000,212973,0.016,1,6000,81257200000,89154000000000,234000000
2024-02-01,378000,383000,373000,381500,232165,0.0013,1,500,87826540500,89271000000000,234000000
2024-02-02,384500,392500,381500,387500,261741,0.015700000000000002,1,6000,101483968500,90675000000000,234000000
2024-02-05,389000,393000,385500,389000,210367,0.0039000000000000003,1,1500,81933202000,91026000000000,234000000
2024-02-06,385000,387500,376000,377000,196337,-0.0308,2,-12000,74427512500,88218000000000,234000000
2024-02-07,382000,394000,382000,386000,244380,0.0239,1,9000,95047875500,90324000000000,234000000
2024-02-08,397500,397500,386500,394000,314399,0.0207,1,8000,122964472500,92196000000000,234000000
2024-02-13,395000,395500,390000,393500,178139,-0.0013,2,-500,70038819500,92079000000000,234000000
2024-02-14,390000,390000,380000,388000,184384,-0.013999999999999999,2,-5500,70947275500,90792000000000,234000000
2024-02-15,393500,397500,389000,395500,192353,0.019299999999999998,1,7500,75698271500,92547000000000,234000000
2024-02-16,401500,412000,401000,410000,354959,0.036699999999999997,1,14500,144830615000,95940000000000,234000000
2024-02-19,412000,412500,395500,397500,289496,-0.0305,2,-12500,115932894000,93015000000000,234000000
2024-02-20,397500,404500,392000,404000,157923,0.016399999999999998,1,6500,63104987000,94536000000000,234000000
2024-02-21,402500,408000,398000,407000,153418,0.0074,1,3000,61943906000,95238000000000,234000000
2024-02-22,410000,415500,405000,408500,177713,0.0037,1,1500,72954545000,95589000000000,234000000
2024-02-23,411500,411500,402000,402000,146754,-0.0159,2,-6500,59600924500,94068000000000,234000000
2024-02-26,402500,414000,402000,409500,142484,0.0187,1,7500,58161625000,95823000000000,234000000
2024-02-27,413500,417000,400500,403500,138018,-0.0147,2,-6000,56293439000,94419000000000,234000000
2024-02-28,403500,408500,399500,400500,133998,-0.0074,2,-3000,53952605500,93717000000000,234000000
2024-02-29,399000,407000,394000,401500,355999,0.0025,1,1000,142735468500,93951000000000,234000000
2024-03-04,401000,406000,398500,398500,170895,-0.0075,2,-3000,68614996747,93249000000000,234000000
2024-03-05,396000,398500,387000,387500,240864,-0.0276,2,-11000,94084574500,90675000000000,234000000
2024-03-06,386500,391000,386000,387000,118343,-0.0013,2,-500,45882336500,90558000000000,234000000
2024-03-07,391000,402000,387500,399500,199901,0.0323,1,12500,79268613500,93483000000000,234000000
2024-03-08,403500,406500,399500,402500,162446,0.0075,1,3000,65465823000,94185000000000,234000000
2024-03-11,402500,407000,399000,400500,104044,-0.005,2,-2000,41874912500,93717000000000,234000000
2024-03-12,404500,420000,404500,419500,381220,0.047400000000000005,1,19000,157984496000,98163000000000,234000000
2024-03-13,419500,422000,415000,418500,212299,-0.0024,2,-1000,88794540500,97929000000000,234000000
2024-03-14,416500,417000,405000,416000,306911,-0.006,2,-2500,126501488000,97344000000000,234000000
2024-03-15,407000,410000,398500,398500,247909,-0.0421,2,-17500,99449775500,93249000000000,234000000
2024-03-18,402000,408500,401000,407500,134399,0.0226,1,9000,54536608500,95355000000000,234000000
2024-03-19,412000,412000,402000,403000,118968,-0.011000000000000001,2,-4500,48166724000,94302000000000,234000000
2024-03-20,405000,410000,404000,407500,114805,0.011200000000000002,1,4500,46744160500,95355000000000,234000000
2024-03-21,409500,414000,409000,413500,154423,0.0147,1,6000,63626982500,96759000000000,234000000
2024-03-22,410500,415500,409000,413500,136480,0.0,3,0,56360760000,96759000000000,234000000
2024-03-25,416500,417000,412000,414500,162037,0.0024,1,1000,67133840000,96993000000000,234000000
2024-03-26,417000,417500,405500,406000,198659,-0.020499999999999997,2,-8500,81704470000,95004000000000,234000000
2024-03-27,406000,412500,404500,409000,138182,0.0074,1,3000,56390178000,95706000000000,234000000
2024-03-28,410000,411000,401000,401500,183993,-0.0183,2,-7500,74156758000,93951000000000,234000000
2024-03-29,401500,402500,393000,395000,200531,-0.016200000000000003,2,-6500,79387161500,92430000000000,234000000
2024-04-01,395000,398500,392500,395500,105333,0.0013,1,500,41677657500,92547000000000,234000000
2024-04-02,395500,400000,392500,393000,163860,-0.0063,2,-2500,64638395000,91962000000000,234000000
2024-04-03,391500,391500,376000,376000,365852,-0.0433,2,-17000,138818646000,87984000000000,234000000
2024-04-04,379500,384000,376000,379500,175633,0.009300000000000001,1,3500,66477243000,88803000000000,234000000
2024-04-05,375500,380000,373000,376000,152154,-0.0092,2,-3500,57173514500,87984000000000,234000000
2024-04-08,374000,375500,358000,373000,307183,-0.008,2,-3000,112264110000,87282000000000,234000000
2024-04-09,376500,382500,372500,374000,180102,0.0027,1,1000,67938886000,87516000000000,234000000
2024-04-11,368500,380000,365000,380000,341170,0.016,1,6000,128017844000,88920000000000,234000000
2024-04-12,380000,381500,371500,371500,172629,-0.022400000000000003,2,-8500,64775696500,86931000000000,234000000
2024-04-15,367000,377000,365500,373000,106708,0.004,1,1500,39636358000,87282000000000,234000000
2024-04-16,368000,372500,366000,366000,119203,-0.018799999999999997,2,-7000,43793110500,85644000000000,234000000
2024-04-17,366000,372000,364000,364500,99287,-0.0040999999999999995,2,-1500,36407569000,85293000000000,234000000
2024-04-18,364000,378500,364000,377000,156443,0.034300000000000004,1,12500,58520994500,88218000000000,234000000
2024-04-19,372000,372000,364500,367000,143664,-0.0265,2,-10000,52758029500,85878000000000,234000000
2024-04-22,373000,378500,369000,378500,144221,0.0313,1,11500,54047288000,88569000000000,234000000
2024-04-23,377000,379000,370000,370000,121904,-0.0225,2,-8500,45336732000,86580000000000,234000000
2024-04-24,380500,389500,378000,385000,241390,0.0405,1,15000,92436714000,90090000000000,234000000
2024-04-25,380000,381000,372000,372500,176196,-0.0325,2,-12500,66250146500,87165000000000,234000000
2024-04-26,373000,375000,367500,372000,143701,-0.0013,2,-500,53424779000,87048000000000,234000000
2024-04-29,375000,378500,372000,378500,150391,0.0175,1,6500,56430267500,88569000000000,234000000
2024-04-30,382500,390000,382500,389000,276918,0.0277,1,10500,107267320500,91026000000000,234000000
2024-05-02,385000,392000,381000,389000,121266,0.0,3,0,47206312000,91026000000000,234000000
2024-05-03,391000,394000,387000,391000,121565,0.0051,1,2000,47535663000,91494000000000,234000000
2024-05-07,394500,397000,390500,391500,117367,0.0013,1,500,46117610000,91611000000000,234000000
2024-05-08,391000,395000,387500,393000,144291,0.0038,1,1500,56706670000,91962000000000,234000000
2024-05-09,390000,393000,383000,388500,239286,-0.0115,2,-4500,92714412000,90909000000000,234000000
2024-05-10,390500,390500,383500,383500,115093,-0.0129,2,-5000,44349447000,89739000000000,234000000
2024-05-13,384000,384500,379000,381500,125868,-0.0052,2,-2000,47895710500,89271000000000,234000000
2024-05-14,382500,388000,382500,385500,119763,0.0105,1,4000,46251109500,90207000000000,234000000
2024-05-16,389000,390000,381500,381500,140797,-0.0104,2,-4000,54059039000,89271000000000,234000000
2024-05-17,381500,384000,376000,376500,175717,-0.0131,2,-5000,66453267500,88101000000000,234000000
2024-05-20,379000,379500,370000,372000,159484,-0.012,2,-4500,59566472000,87048000000000,234000000
2024-05-21,367500,370000,364000,364500,224181,-0.0202,2,-7500,81927835500,85293000000000,234000000
2024-05-22,366500,369500,364000,364000,130152,-0.0014000000000000002,2,-500,47644214500,85176000000000,234000000
2024-05-23,364000,366000,360000,362000,157841,-0.0055000000000000005,2,-2000,57243528000,84708000000000,234000000
2024-05-24,358500,359000,355500,356000,213011,-0.0166,2,-6000,76007017500,83304000000000,234000000
2024-05-27,357000,366000,355500,364500,157232,0.0239,1,8500,56613586500,85293000000000,234000000
2024-05-28,363500,363500,359000,360000,136480,-0.0123,2,-4500,49256435500,84240000000000,234000000
2024-05-29,356500,361000,342000,342000,386788,-0.05,2,-18000,134975298500,80028000000000,234000000
2024-05-30,342000,343500,326000,328000,401661,-0.0409,2,-14000,132809640500,76752000000000,234000000
2024-05-31,331500,335500,328000,331000,264516,0.0091,1,3000,87510775500,77454000000000,234000000
2024-06-03,330500,341000,329500,332000,194056,0.003,1,1000,64774809000,77688000000000,234000000
2024-06-04,329500,340000,329000,336500,146087,0.013600000000000001,1,4500,49055602000,78741000000000,234000000
2024-06-05,339000,359500,338000,351500,395864,0.0446,1,15000,139132029000,82251000000000,234000000
2024-06-07,355000,360000,352500,359000,208870,0.0213,1,7500,74451560000,84006000000000,234000000
2024-06-10,355500,358500,350000,353000,180618,-0.0167,2,-6000,63843939000,82602000000000,234000000
2024-06-11,354000,365000,353000,356500,219013,0.009899999999999999,1,3500,78774192000,83421000000000,234000000
2024-06-12,356500,361000,350500,351500,163853,-0.013999999999999999,2,-5000,58053960500,82251000000000,234000000
2024-06-13,356000,363000,349000,363000,412793,0.0327,1,11500,148120968000,84942000000000,234000000
2024-06-14,363000,363000,349000,349000,302758,-0.038599999999999995,2,-14000,107112248000,81666000000000,234000000
2024-06-17,345000,346000,336500,336500,273382,-0.0358,2,-12500,92696426500,78741000000000,234000000
2024-06-18,340000,343500,331000,331000,213956,-0.0163,2,-5500,71557265500,77454000000000,234000000
2024-06-19,332500,344500,332000,343000,220974,0.0363,1,12000,74992673500,80262000000000,234000000
2024-06-20,343000,346000,340000,340000,105297,-0.0087,2,-3000,35996112500,79560000000000,234000000
2024-06-21,338000,343000,333000,333000,165513,-0.0206,2,-7000,55467009000,77922000000000,234000000
2024-06-24,334000,336000,330500,331000,102798,-0.006,2,-2000,34195270000,77454000000000,234000000
2024-06-25,334000,336000,331000,331000,124542,0.0,3,0,41435672500,77454000000000,234000000
2024-06-26,330500,338000,330000,331000,113087,0.0,3,0,37602187000,77454000000000,234000000
2024-06-27,331500,334000,327500,328000,122751,-0.0091,2,-3000,40492081500,76752000000000,234000000
2024-06-28,327000,331500,322500,326500,152685,-0.0046,2,-1500,49790949000,76401000000000,234000000
2024-07-01,328000,348500,325500,347000,305328,0.06280000000000001,1,20500,103987708000,81198000000000,234000000
2024-07-02,353000,362000,341500,343500,352020,-0.0101,2,-3500,122936079500,80379000000000,234000000
2024-07-03,360000,369500,353000,358000,714015,0.042199999999999994,1,14500,258132310500,83772000000000,234000000
2024-07-04,364000,367000,355500,359000,226816,0.0028000000000000004,1,1000,81694214000,84006000000000,234000000
2024-07-05,359000,361500,352000,357500,207422,-0.0042,2,-1500,73956801500,83655000000000,234000000
2024-07-08,358000,364000,352500,358500,229191,0.0028000000000000004,1,1000,82310906000,83889000000000,234000000
2024-07-09,359000,370000,358000,363000,273777,0.0126,1,4500,99992119500,84942000000000,234000000
2024-07-10,363000,367000,360500,362000,172607,-0.0028000000000000004,2,-1000,62704343000,84708000000000,234000000
2024-07-11,364500,375000,357500,375000,516468,0.0359,1,13000,191687531000,87750000000000,234000000
2024-07-12,371000,375000,368500,373000,182104,-0.0053,2,-2000,67662328000,87282000000000,234000000
2024-07-15,373000,373500,357500,358500,245160,-0.038900000000000004,2,-14500,88671745000,83889000000000,234000000
2024-07-16,359000,360000,343000,346500,345755,-0.0335,2,-12000,120427919500,81081000000000,234000000
2024-07-17,346000,348000,335500,336500,262255,-0.028900000000000002,2,-10000,89129245000,78741000000000,234000000
2024-07-18,333000,342500,331500,335000,197622,-0.0045000000000000005,2,-1500,66637438000,78390000000000,234000000
2024-07-19,335000,347500,335000,345500,237970,0.0313,1,10500,81463582000,80847000000000,234000000
2024-07-22,343000,343000,328000,328500,268882,-0.0492,2,-17000,89175324000,76869000000000,234000000
2024-07-23,330500,333500,324000,326000,152694,-0.0076,2,-2500,50018796500,76284000000000,234000000
2024-07-24,324000,330000,320000,321500,158027,-0.0138,2,-4500,51124754500,75231000000000,234000000
2024-07-25,315000,342500,313000,332500,464700,0.0342,1,11000,152022734000,77805000000000,234000000
2024-07-26,332000,334000,322500,325000,165067,-0.0226,2,-7500,53916369961,76050000000000,234000000
2024-07-29,323500,333000,321500,329500,95268,0.0138,1,4500,31307938000,77103000000000,234000000
2024-07-30,326000,342000,326000,333000,164442,0.0106,1,3500,55231301000,77922000000000,234000000
2024-07-31,334000,335000,323000,324000,181873,-0.027000000000000003,2,-9000,59230325500,75816000000000,234000000
2024-08-01,325000,337000,322000,333500,219837,0.029300000000000003,1,9500,72680590500,78039000000000,234000000
2024-08-02,326000,337500,324000,336000,200803,0.0075,1,2500,66768384000,78624000000000,234000000
2024-08-05,332500,340000,311000,322000,408563,-0.0417,2,-14000,133657871500,75348000000000,234000000
2024-08-06,331500,342000,328000,337000,370935,0.0466,1,15000,124577415000,78858000000000,234000000
2024-08-07,332500,338500,322500,324500,290231,-0.0371,2,-12500,95647025000,75933000000000,234000000
2024-08-08,324500,325500,311000,321000,425356,-0.0108,2,-3500,135122360000,75114000000000,234000000
2024-08-09,323000,329000,317000,322000,260609,0.0031,1,1000,84140019500,75348000000000,234000000
2024-08-12,321000,330000,321000,328500,144514,0.0202,1,6500,47276687500,76869000000000,234000000
2024-08-13,325500,331500,322000,329500,127711,0.003,1,1000,41872031000,77103000000000,234000000
2024-08-14,334000,342000,332000,337000,196856,0.022799999999999997,1,7500,66545179000,78858000000000,234000000
2024-08-16,343500,344500,335500,336500,151534,-0.0015,2,-500,51457016000,78741000000000,234000000
2024-08-19,336500,336500,328000,329500,126345,-0.0208,2,-7000,41848721000,77103000000000,234000000
2024-08-20,333000,334000,327000,330000,104179,0.0015,1,500,34344943500,77220000000000,234000000
2024-08-21,333000,353000,332000,350000,489967,0.060599999999999994,1,20000,170290080500,81900000000000,234000000
2024-08-22,351500,364000,348500,363000,474976,0.0371,1,13000,171145269000,84942000000000,234000000
2024-08-23,359500,366000,357000,359000,232206,-0.011000000000000001,2,-4000,83658044000,84006000000000,234000000
2024-08-26,365500,378000,361500,378000,512014,0.0529,1,19000,191153150500,88452000000000,234000000
2024-08-27,378500,383000,371500,376500,341089,-0.004,2,-1500,128734281500,88101000000000,234000000
2024-08-28,375000,379000,366500,368500,259901,-0.0212,2,-8000,96709750000,86229000000000,234000000
2024-08-29,371000,394000,370000,391000,725018,0.0611,1,22500,281538342000,91494000000000,234000000
2024-08-30,391000,391500,381500,388000,316463,-0.0077,2,-3000,122611063500,90792000000000,234000000
2024-09-02,392000,416500,392000,412000,792620,0.061900000000000004,1,24000,325246395000,96408000000000,234000000
2024-09-03,416500,419000,407000,411000,340713,-0.0024,2,-1000,140390114500,96174000000000,234000000
2024-09-04,399000,410000,396500,399500,373803,-0.027999999999999997,2,-11500,150276196500,93483000000000,234000000
2024-09-05,410500,418000,401000,410000,463032,0.0263,1,10500,190667649000,95940000000000,234000000
2024-09-06,412000,412500,392500,395000,419682,-0.0366,2,-15000,168861466500,92430000000000,234000000
2024-09-09,388500,404000,386000,399500,302125,0.011399999999999999,1,4500,120305011000,93483000000000,234000000
2024-09-10,398500,400000,378000,379500,421418,-0.0501,2,-20000,161759209500,88803000000000,234000000
2024-09-11,380500,402500,380500,399000,365687,0.051399999999999994,1,19500,143942866000,93366000000000,234000000
2024-09-12,403500,414000,395000,414000,361481,0.037599999999999995,1,15000,146704661500,96876000000000,234000000
2024-09-13,413500,414000,399500,399500,302530,-0.035,2,-14500,122050163000,93483000000000,234000000
2024-09-19,405000,409500,391000,391500,303860,-0.02,2,-8000,120387273500,91611000000000,234000000
2024-09-20,398500,407000,392500,393500,468352,0.0051,1,2000,186868274000,92079000000000,234000000
2024-09-23,397000,402500,390500,397000,233849,0.0089,1,3500,92611103500,92898000000000,234000000
2024-09-24,401000,413000,401000,413000,447420,0.0403,1,16000,182949805500,96642000000000,234000000
2024-09-25,415000,420000,409000,413500,349449,0.0012,1,500,145184802000,96759000000000,234000000
2024-09-26,410500,415500,402500,413500,304509,0.0,3,0,124770893500,96759000000000,234000000
2024-09-27,413000,418000,406500,414500,250953,0.0024,1,1000,103580392000,96993000000000,234000000
2024-09-30,419500,430000,414500,414500,445787,0.0,3,0,188202059000,96993000000000,234000000
2024-10-02,409500,421500,408500,408500,245424,-0.014499999999999999,2,-6000,101664037500,95589000000000,234000000
2024-10-04,403500,406000,396000,403500,255155,-0.012199999999999999,2,-5000,102392746500,94419000000000,234000000
2024-10-07,413500,426000,409000,420000,433698,0.0409,1,16500,182228540000,98280000000000,234000000
2024-10-08,416500,444000,412000,436500,803706,0.0393,1,16500,348252123000,102141000000000,234000000
2024-10-10,432000,433000,421000,427000,635669,-0.0218,2,-9500,270484062000,99918000000000,234000000
2024-10-11,426500,428500,408500,411000,441897,-0.0375,2,-16000,184548998000,96174000000000,234000000
2024-10-14,407500,413500,402500,406000,245480,-0.012199999999999999,2,-5000,100040134000,95004000000000,234000000
2024-10-15,407500,409000,389500,403500,631127,-0.0062,2,-2500,250331767500,94419000000000,234000000
2024-10-16,415000,415000,404500,404500,495248,0.0025,1,1000,202692422500,94653000000000,234000000
2024-10-17,403000,411000,397000,397000,250437,-0.018500000000000003,2,-7500,101188394500,92898000000000,234000000
2024-10-18,396500,399000,385000,388500,250780,-0.021400000000000002,2,-8500,97596416000,90909000000000,234000000
2024-10-21,389000,393500,387500,389500,135508,0.0026,1,1000,52878442000,91143000000000,234000000
2024-10-22,386500,388000,376500,381500,213207,-0.020499999999999997,2,-8000,81198280500,89271000000000,234000000
2024-10-23,381500,405500,381500,403000,332684,0.0564,1,21500,131650493500,94302000000000,234000000
2024-10-24,411000,419000,403000,406500,405512,0.0087,1,3500,166638413000,95121000000000,234000000
2024-10-25,419000,419000,406500,407000,242245,0.0012,1,500,99550067500,95238000000000,234000000
2024-10-28,403000,417500,403000,416500,360352,0.0233,1,9500,148639841500,97461000000000,234000000
2024-10-29,410000,412500,400500,409000,281126,-0.018000000000000002,2,-7500,114255967000,95706000000000,234000000
2024-10-30,406500,417500,405000,411500,174514,0.0060999999999999995,1,2500,71879118000,96291000000000,234000000
2024-10-31,408000,417000,404500,407500,266013,-0.0097,2,-4000,109446712000,95355000000000,234000000
2024-11-01,405000,419000,404500,412500,254445,0.0123,1,5000,105543486500,96525000000000,234000000
2024-11-04,417000,427000,408000,426000,418485,0.0327,1,13500,176242477500,99684000000000,234000000
2024-11-05,422000,425500,416500,420000,177179,-0.0141,2,-6000,74608953500,98280000000000,234000000
2024-11-06,426500,429000,386000,390500,689223,-0.0702,2,-29500,276337181500,91377000000000,234000000
2024-11-07,389000,391000,375000,386000,456391,-0.0115,2,-4500,174919503500,90324000000000,234000000
2024-11-08,394500,408500,394000,398500,379413,0.032400000000000005,1,12500,151982513500,93249000000000,234000000
2024-11-11,435000,435500,415000,416000,969362,0.043899999999999995,1,17500,411454962000,97344000000000,234000000
2024-11-12,418000,433500,416000,427000,642992,0.0264,1,11000,274990636500,99918000000000,234000000
2024-11-13,421500,425000,411500,412000,349926,-0.0351,2,-15000,145825226500,96408000000000,234000000
2024-11-14,421500,423000,405000,422000,461180,0.024300000000000002,1,10000,191530021000,98748000000000,234000000
2024-11-15,403000,403500,371000,371000,1016392,-0.1209,2,-51000,388414887500,86814000000000,234000000
2024-11-18,375000,385500,375000,383500,365846,0.0337,1,12500,139366784500,89739000000000,234000000
2024-11-19,384500,395500,380500,393500,292704,0.026099999999999998,1,10000,114063303500,92079000000000,234000000
2024-11-20,393500,402500,390000,400500,216309,0.0178,1,7000,86175675000,93717000000000,234000000
2024-11-21,399000,406500,394500,400500,209853,0.0,3,0,84061530500,93717000000000,234000000
2024-11-22,403500,409500,402000,405000,142194,0.011200000000000002,1,4500,57807936500,94770000000000,234000000
2024-11-25,410000,425000,408000,419500,446632,0.0358,1,14500,187528851500,98163000000000,234000000
2024-11-26,417000,422000,405000,406000,215592,-0.0322,2,-13500,88603443000,95004000000000,234000000
2024-11-27,408500,414000,399500,400500,174304,-0.013500000000000002,2,-5500,70879442500,93717000000000,234000000
2024-11-28,400000,405500,399000,402500,116484,0.005,1,2000,46795145500,94185000000000,234000000
2024-11-29,400000,402500,380000,381500,280997,-0.052199999999999996,2,-21000,108681349000,89271000000000,234000000
2024-12-02,387000,397500,385000,391500,185989,0.0262,1,10000,72760557500,91611000000000,234000000
2024-12-03,393500,401000,385000,397000,241946,0.013999999999999999,1,5500,95496905000,92898000000000,234000000
2024-12-04,391000,395000,384500,389000,246025,-0.0202,2,-8000,95676792500,91026000000000,234000000
2024-12-05,389000,395000,382000,382000,170616,-0.018000000000000002,2,-7000,66089934000,89388000000000,234000000
2024-12-06,383000,397000,383000,390500,265117,0.0223,1,8500,103419855500,91377000000000,234000000
2024-12-09,385500,397500,379500,387500,254353,-0.0077,2,-3000,99056589500,90675000000000,234000000
2024-12-10,392000,396000,384500,385000,249658,-0.006500000000000001,2,-2500,96912766500,90090000000000,234000000
2024-12-11,388000,391000,376500,378000,260700,-0.0182,2,-7000,99528908000,88452000000000,234000000
2024-12-12,383000,404500,374000,404500,586555,0.0701,1,26500,229880390000,94653000000000,234000000
2024-12-13,396000,400000,389500,400000,330114,-0.0111,2,-4500,130126551500,93600000000000,234000000
2024-12-16,399000,402500,394500,398000,204346,-0.005,2,-2000,81415837500,93132000000000,234000000
2024-12-17,398500,405000,378500,382500,392455,-0.038900000000000004,2,-15500,150963923500,89505000000000,234000000
2024-12-18,384000,386000,380000,381500,208785,-0.0026,2,-1000,79873956000,89271000000000,234000000
2024-12-19,373500,380000,368000,372000,247458,-0.024900000000000002,2,-9500,92550526000,87048000000000,234000000
2024-12-20,375000,377000,356000,357500,359300,-0.039,2,-14500,130623036000,83655000000000,234000000
2024-12-23,359000,361500,345000,359000,284110,0.0042,1,1500,100425441500,84006000000000,234000000
2024-12-24,361500,362000,350000,350000,172107,-0.025099999999999997,2,-9000,60901175000,81900000000000,234000000
2024-12-26,351500,352000,343500,344500,174814,-0.015700000000000002,2,-5500,60613517500,80613000000000,234000000
2024-12-27,341000,350500,340500,348000,200696,0.0102,1,3500,69426924500,81432000000000,234000000
2024-12-30,345000,358500,345000,348000,169683,0.0,3,0,59751192000,81432000000000,234000000
2025-01-02,348500,352500,342500,346000,139219,-0.005699999999999999,2,-2000,48294112000,80964000000000,234000000
2025-01-03,343000,360500,343000,356000,237676,0.028900000000000002,1,10000,84675367000,83304000000000,234000000
2025-01-06,358000,365500,353500,361500,205797,0.0154,1,5500,74358498500,84591000000000,234000000
2025-01-07,363500,372000,361500,365500,236305,0.0111,1,4000,86887223500,85527000000000,234000000
2025-01-08,364500,376000,364000,373500,356433,0.0219,1,8000,132457651500,87399000000000,234000000
2025-01-09,371500,373000,348500,358500,694920,-0.04019999999999999,2,-15000,247955306000,83889000000000,234000000
2025-01-10,356000,357500,348000,348500,280639,-0.0279,2,-10000,98184650500,81549000000000,234000000
2025-01-13,346500,350500,345500,347500,165688,-0.0029,2,-1000,57694408000,81315000000000,234000000
2025-01-14,350000,360000,350000,358000,290092,0.0302,1,10500,103183964860,83772000000000,234000000
2025-01-15,359000,361000,351500,351500,149879,-0.0182,2,-6500,53191433500,82251000000000,234000000
2025-01-16,358500,361500,352000,352000,162319,0.0014000000000000002,1,500,57476670000,82368000000000,234000000
2025-01-17,352000,355500,350500,350500,151960,-0.0043,2,-1500,53578760000,82017000000000,234000000
2025-01-20,352000,372000,351500,370500,402884,0.0571,1,20000,146285370500,86697000000000,234000000
2025-01-21,365000,370000,349500,354500,317052,-0.0432,2,-16000,113018027500,82953000000000,234000000
2025-01-22,356000,363000,355500,360000,158528,0.0155,1,5500,57059007500,84240000000000,234000000
2025-01-23,356500,359500,353500,353500,136125,-0.0181,2,-6500,48457855000,82719000000000,234000000
2025-01-24,355500,357500,348000,353500,126762,0.0,3,0,44583707000,82719000000000,234000000
2025-01-31,353500,356500,346500,352000,147908,-0.0042,2,-1500,51977272500,82368000000000,234000000
2025-02-03,345000,345500,335000,336500,225738,-0.044000000000000004,2,-15500,76390455000,78741000000000,234000000
2025-02-04,340500,343500,332000,333000,196605,-0.0104,2,-3500,66338311500,77922000000000,234000000
2025-02-05,336000,347000,335000,345000,171086,0.036000000000000004,1,12000,58694292500,80730000000000,234000000
2025-02-06,344500,350500,338500,342000,129145,-0.0087,2,-3000,44210775500,80028000000000,234000000
2025-02-07,341500,345000,336000,336000,119390,-0.0175,2,-6000,40401854500,78624000000000,234000000
2025-02-10,333000,349500,329000,346500,230067,0.0313,1,10500,78377218500,81081000000000,234000000
2025-02-11,348000,350500,342500,343000,178558,-0.0101,2,-3500,61654136000,80262000000000,234000000
2025-02-12,343500,347500,338000,338500,165759,-0.0131,2,-4500,56517030000,79209000000000,234000000
2025-02-13,341500,366500,341000,358000,672554,0.0576,1,19500,239225978500,83772000000000,234000000
2025-02-14,355500,359500,352000,353000,162202,-0.013999999999999999,2,-5000,57602747000,82602000000000,234000000
2025-02-17,354500,362000,352500,353500,166506,0.0014000000000000002,1,500,59292494500,82719000000000,234000000
2025-02-18,355000,355000,347500,350500,132978,-0.0085,2,-3000,46555845500,82017000000000,234000000
2025-02-19,353500,370500,353500,366000,332886,0.044199999999999996,1,15500,121526945000,85644000000000,234000000
2025-02-20,367500,378500,365000,376500,316958,0.0287,1,10500,118734869500,88101000000000,234000000
2025-02-21,378500,379000,373500,378500,141193,0.0053,1,2000,53170058000,88569000000000,234000000
2025-02-24,377500,386500,375000,385500,237103,0.018500000000000003,1,7000,90890459500,90207000000000,234000000
2025-02-25,386000,386000,372500,373500,140338,-0.0311,2,-12000,52854766500,87399000000000,234000000
2025-02-26,369500,376000,368000,374000,143098,0.0013,1,500,53371371000,87516000000000,234000000
2025-02-27,374000,375000,366500,370500,124821,-0.009399999999999999,2,-3500,46104494000,86697000000000,234000000
2025-02-28,366000,368000,351500,352000,291801,-0.0499,2,-18500,103632655500,82368000000000,234000000
2025-03-04,351000,351500,332000,332000,361892,-0.056799999999999996,2,-20000,121983309750,77688000000000,234000000
2025-03-05,336000,339000,327500,334000,306239,0.006,1,2000,101574855750,78156000000000,234000000
2025-03-06,337500,343500,331500,334000,251173,0.0,3,0,84350707750,78156000000000,234000000
2025-03-07,331000,341000,328000,339000,208637,0.015,1,5000,70373037000,79326000000000,234000000
2025-03-10,339000,352000,336000,349500,273181,0.031,1,10500,94718054250,81783000000000,234000000
2025-03-11,338500,344500,336000,341000,150783,-0.024300000000000002,2,-8500,51394119750,79794000000000,234000000
2025-03-12,344000,349500,341500,348500,189492,0.022000000000000002,1,7500,65597391750,81549000000000,234000000
2025-03-13,352500,354500,338500,340500,336473,-0.023,2,-8000,115253943750,79677000000000,234000000
2025-03-14,339500,340000,325000,326500,448904,-0.041100000000000005,2,-14000,147838244250,76401000000000,234000000
2025-03-17,328000,330500,325000,325000,255211,-0.0046,2,-1500,83402433750,76050000000000,234000000
2025-03-18,326500,332000,325000,325000,184156,0.0,3,0,60363143250,76050000000000,234000000
2025-03-19,326000,333000,325000,330500,251845,0.0169,1,5500,83336229000,77337000000000,234000000
2025-03-20,334500,337500,330500,334500,224094,0.0121,1,4000,74806202500,78273000000000,234000000
2025-03-21,334000,335000,324000,329000,302913,-0.016399999999999998,2,-5500,99820197750,76986000000000,234000000
2025-03-24,331000,335000,328500,331500,148739,0.0076,1,2500,49399695500,77571000000000,234000000
2025-03-25,336500,342500,334000,335500,179131,0.0121,1,4000,60525458750,78507000000000,234000000
2025-03-26,338500,365000,337500,360000,537163,0.073,1,24500,190102528750,84240000000000,234000000
2025-03-27,354500,365000,353000,356500,228114,-0.0097,2,-3500,81951615750,83421000000000,234000000
2025-03-28,360000,363000,354000,356000,188128,-0.0014000000000000002,2,-500,67291710000,83304000000000,234000000
2025-03-31,346000,348000,328500,334500,575113,-0.0604,2,-21500,191966296250,78273000000000,234000000
2025-04-01,337500,337500,325500,328000,413352,-0.0194,2,-6500,136179516250,76752000000000,234000000
2025-04-02,330000,331000,324000,329000,300758,0.003,1,1000,98299465500,76986000000000,234000000
2025-04-03,320000,323000,310500,315000,388422,-0.0426,2,-14000,122716732000,73710000000000,234000000
2025-04-04,311000,331000,310500,329000,363443,0.0444,1,14000,117599943250,76986000000000,234000000
2025-04-07,318000,331000,316000,323000,398358,-0.0182,2,-6000,128214984250,75582000000000,234000000
2025-04-08,331000,333000,315000,318000,394764,-0.0155,2,-5000,127186914750,74412000000000,234000000
2025-04-09,317000,325000,314000,314000,330125,-0.0126,2,-4000,105068071750,73476000000000,234000000
2025-04-10,335500,349500,326500,349500,777090,0.1131,1,35500,264852451750,81783000000000,234000000
2025-04-11,337000,341500,329000,335500,260102,-0.0401,2,-14000,86636723500,78507000000000,234000000
2025-04-14,337500,344500,336000,343000,192936,0.022400000000000003,1,7500,65802085750,80262000000000,234000000
2025-04-15,342500,348500,340500,345000,171756,0.0058,1,2000,59264098500,80730000000000,234000000
2025-04-16,350000,353000,341500,343000,155592,-0.0058,2,-2000,53907037250,80262000000000,234000000
2025-04-17,341500,346500,334500,342500,136846,-0.0015,2,-500,46695687500,80145000000000,234000000
2025-04-18,344000,345000,337500,338000,70190,-0.0131,2,-4500,23823961750,79092000000000,234000000
2025-04-21,337000,340500,332000,332500,78331,-0.0163,2,-5500,26285966500,77805000000000,234000000
2025-04-22,332000,337000,329000,332000,98130,-0.0015,2,-500,32567658250,77688000000000,234000000
2025-04-23,339000,349500,338500,349000,231174,0.0512,1,17000,79918428750,81666000000000,234000000
2025-04-24,349500,350000,339000,341500,167826,-0.0215,2,-7500,57601082000,79911000000000,234000000
2025-04-25,347500,347500,340000,343500,104822,0.0059,1,2000,36002599250,80379000000000,234000000
2025-04-28,349500,349500,343000,346000,132948,0.0073,1,2500,45969903000,80964000000000,234000000
2025-04-29,346500,350000,343500,350000,154760,0.0116,1,4000,53743787750,81900000000000,234000000
2025-04-30,347500,348500,323000,324500,471209,-0.0729,2,-25500,155973429500,75933000000000,234000000
2025-05-02,325000,327500,320500,320500,202479,-0.0123,2,-4000,65302012000,74997000000000,234000000
2025-05-07,322000,324500,319000,322500,217160,0.0062,1,2000,69754121000,75465000000000,234000000
2025-05-08,322000,329000,319500,327500,384939,0.0155,1,5000,125032471750,76635000000000,234000000
2025-05-09,327500,327500,317500,318000,252119,-0.028999999999999998,2,-9500,80427910000,74412000000000,234000000
2025-05-12,320500,322000,318000,321500,133817,0.011000000000000001,1,3500,42854761250,75231000000000,234000000
2025-05-13,323500,323500,310500,312000,286158,-0.029500000000000002,2,-9500,90046883250,73008000000000,234000000
2025-05-14,313000,315000,306000,313500,223695,0.0048,1,1500,69760613000,73359000000000,234000000
2025-05-15,313500,321000,306500,307000,316371,-0.0207,2,-6500,98763631500,71838000000000,234000000
2025-05-16,305000,307000,290000,290500,583328,-0.0537,2,-16500,171754453500,67977000000000,234000000
2025-05-19,291500,297000,290500,291500,158255,0.0034000000000000002,1,1000,46426153000,68211000000000,234000000
2025-05-20,292000,293000,278000,279500,445299,-0.0412,2,-12000,125315525000,65403000000000,234000000
2025-05-21,278500,285000,277500,277500,179424,-0.0072,2,-2000,50258457750,64935000000000,234000000
2025-05-22,277000,284000,268000,274500,331567,-0.0108,2,-3000,90937416500,64233000000000,234000000
2025-05-23,276500,277000,266000,268000,213740,-0.023700000000000002,2,-6500,57466406000,62712000000000,234000000
2025-05-26,268500,280000,268500,278000,205921,0.0373,1,10000,56991582750,65052000000000,234000000
2025-05-27,275500,276500,268500,272500,149335,-0.019799999999999998,2,-5500,40570906750,63765000000000,234000000
2025-05-28,276500,290000,272500,289000,395192,0.060599999999999994,1,16500,112172883750,67626000000000,234000000
2025-05-29,289000,291000,283000,288000,189663,-0.0034999999999999996,2,-1000,54579426500,67392000000000,234000000
2025-05-30,286000,290000,283500,286000,224384,-0.0069,2,-2000,64254020250,66924000000000,234000000
2025-06-02,290500,291500,281500,284500,174819,-0.0052,2,-1500,49864562250,66573000000000,234000000
2025-06-04,288000,293000,286000,288500,214348,0.0141,1,4000,61973302000,67509000000000,234000000
2025-06-05,287500,295000,284500,291000,207656,0.0087,1,2500,60527207750,68094000000000,234000000
2025-06-09,291500,291500,280500,285000,297462,-0.0206,2,-6000,84936544000,66690000000000,234000000
2025-06-10,286500,292000,285000,288500,213404,0.0123,1,3500,61650296000,67509000000000,234000000
2025-06-11,291000,296000,289000,292500,278005,0.0139,1,4000,81335350250,68445000000000,234000000
2025-06-12,292500,304000,291000,304000,555229,0.0393,1,11500,166973044250,71136000000000,234000000
2025-06-13,300000,300000,290000,296000,325863,-0.0263,2,-8000,95824096250,69264000000000,234000000
2025-06-16,292000,293500,288000,293000,192457,-0.0101,2,-3000,56013127000,68562000000000,234000000
2025-06-17,298000,301500,292000,294000,243494,0.0034000000000000002,1,1000,71796098500,68796000000000,234000000
2025-06-18,291500,296500,290500,292000,193404,-0.0068000000000000005,2,-2000,56574335000,68328000000000,234000000
2025-06-19,293500,294000,289000,291000,146199,-0.0034000000000000002,2,-1000,42560476500,68094000000000,234000000
2025-06-20,291000,306000,289500,305000,498474,0.0481,1,14000,150158929750,71370000000000,234000000
2025-06-23,298500,300000,291000,294000,193331,-0.0361,2,-11000,56791253000,68796000000000,234000000
2025-06-24,299500,306000,298000,300500,275626,0.022099999999999998,1,6500,83035162500,70317000000000,234000000
2025-06-25,301500,301500,295000,298000,185031,-0.0083,2,-2500,55083338750,69732000000000,234000000
2025-06-26,299000,300500,294500,297000,162439,-0.0034000000000000002,2,-1000,48198281000,69498000000000,234000000
2025-06-27,297500,297500,287000,288000,219699,-0.030299999999999997,2,-9000,63656967000,67392000000000,234000000
2025-06-30,290000,297500,290000,297000,209821,0.0313,1,9000,62004920750,69498000000000,234000000
2025-07-01,296500,300000,292500,297500,226370,0.0017000000000000001,1,500,67294458250,69615000000000,234000000
2025-07-02,295500,303000,291500,302500,292735,0.0168,1,5000,87545724000,70785000000000,234000000
2025-07-03,304500,325000,303000,318500,640510,0.0529,1,16000,201450710250,74529000000000,234000000
2025-07-04,313000,314500,307000,310500,237717,-0.025099999999999997,2,-8000,73931888000,72657000000000,234000000
2025-07-07,327500,331000,306500,315000,610772,0.014499999999999999,1,4500,194682909750,73710000000000,234000000
2025-07-08,314000,318500,305000,307000,325080,-0.0254,2,-8000,100490466000,71838000000000,234000000
2025-07-09,310000,316000,302000,305000,246419,-0.006500000000000001,2,-2000,75801211250,71370000000000,234000000
2025-07-10,309500,318000,307000,318000,583717,0.0426,1,13000,183095848000,74412000000000,234000000
2025-07-11,316000,326000,315000,321500,390914,0.011000000000000001,1,3500,125615998750,75231000000000,234000000
2025-07-14,321000,321000,313500,315000,191507,-0.0202,2,-6500,60434568500,73710000000000,234000000
2025-07-15,317000,319000,314500,316500,137843,0.0048,1,1500,43585707750,74061000000000,234000000
2025-07-16,315000,315500,310500,311000,155707,-0.0174,2,-5500,48585074000,72774000000000,234000000
2025-07-17,314500,318500,310500,317000,146499,0.019299999999999998,1,6000,46177277750,74178000000000,234000000
2025-07-18,317000,323000,317000,322500,281309,0.0174,1,5500,90391904250,75465000000000,234000000
2025-07-21,324500,333000,320000,331000,329882,0.0264,1,8500,108676079500,77454000000000,234000000
2025-07-22,333000,341500,330000,333500,298394,0.0076,1,2500,100256360250,78039000000000,234000000
2025-07-23,337500,339500,330000,336500,177219,0.009000000000000001,1,3000,59551527500,78741000000000,234000000
2025-07-24,340500,370000,340000,368000,1038021,0.09359999999999999,1,31500,374877094500,86112000000000,234000000
2025-07-25,363500,366500,356500,363500,379275,-0.012199999999999999,2,-4500,137184006250,85059000000000,234000000
2025-07-28,369500,384000,369500,380500,716214,0.046799999999999994,1,17000,272432781000,89037000000000,234000000
2025-07-29,373000,394500,370000,392000,623554,0.0302,1,11500,241947544500,91728000000000,234000000
2025-07-30,390500,397000,382500,393000,676449,0.0026,1,1000,264952513500,91962000000000,234000000
2025-07-31,400500,403000,377000,382500,694580,-0.026699999999999998,2,-10500,270600989056,89505000000000,234000000
2025-08-01,382500,385000,371500,373000,339780,-0.0248,2,-9500,127740239250,87282000000000,234000000
2025-08-04,379000,381000,369000,375500,299735,0.0067,1,2500,112012150500,87867000000000,234000000
2025-08-05,380500,393500,380000,386500,457186,0.029300000000000003,1,11000,176854458500,90441000000000,234000000
2025-08-06,382500,391000,379500,384000,308979,-0.006500000000000001,2,-2500,119307258000,89856000000000,234000000
2025-08-07,387000,390000,380500,386500,208461,0.006500000000000001,1,2500,80517879750,90441000000000,234000000
2025-08-08,385000,385500,374000,378500,268294,-0.0207,2,-8000,101408412000,88569000000000,234000000
2025-08-11,382500,390000,380000,389000,317685,0.0277,1,10500,122656840750,91026000000000,234000000
2025-08-12,384500,394500,382500,388500,199075,-0.0013,2,-500,77509872000,90909000000000,234000000
2025-08-13,392500,392500,383000,389500,161247,0.0026,1,1000,62593543500,91143000000000,234000000
2025-08-14,391000,399500,391000,394000,316057,0.0116,1,4500,124769127000,92196000000000,234000000
2025-08-18,392000,393000,382500,383000,187924,-0.0279,2,-11000,72427541750,89622000000000,234000000
2025-08-19,384000,386500,378000,384000,108072,0.0026,1,1000,41236234500,89856000000000,234000000
2025-08-20,378500,383500,375000,377500,149517,-0.0169,2,-6500,56593597500,88335000000000,234000000
2025-08-21,379000,382000,371000,372500,166077,-0.0132,2,-5000,62456201250,87165000000000,234000000
2025-08-22,373000,376000,365000,367500,168692,-0.0134,2,-5000,62002756500,85995000000000,234000000
2025-08-25,373000,380000,371000,380000,131387,0.034,1,12500,49523841250,88920000000000,234000000
2025-08-26,377500,386000,377500,381000,167140,0.0026,1,1000,63696331000,89154000000000,234000000
2025-08-27,382500,382500,372000,373500,146277,-0.0197,2,-7500,54785355000,87399000000000,234000000
2025-08-28,374500,377000,363000,364000,166059,-0.0254,2,-9500,60830059000,85176000000000,234000000
2025-08-29,367000,367000,351500,352000,285675,-0.033,2,-12000,101249306250,82368000000000,234000000
2025-09-01,352000,353500,345000,349000,122899,-0.0085,2,-3000,43098618092,81666000000000,234000000
2025-09-02,349500,351500,345000,350000,144808,0.0029,1,1000,50391206250,81900000000000,234000000
2025-09-03,353500,359500,347000,348500,222771,-0.0043,2,-1500,78246087500,81549000000000,234000000
2025-09-04,365500,365500,350000,351000,381451,0.0072,1,2500,135407877000,82134000000000,234000000
2025-09-05,350500,351000,343000,344000,127494,-0.0199,2,-7000,44195321500,80496000000000,234000000
